Name,Tags,Description,Importance,URL,URL 2
Joshua Ryne Goldberg,"Joshua Ryne Goldberg, Real persona",“Who am I?”,5,,
MoonMetropolis,"Fiction persona, Freedom of speech","Un de ses pseudos les plus utilisés avec MetropolisForever, qui pase par différentes phases au fil des années, des forums d’anime aux posts et articles très virulents sur la liberté d’expression",5,,
AustraliWitness,"Fiction persona, Jihadist","Personnalité fictionnelle, un australien travaillant pour une NGO, qui est secrètement un jihadiste en devenir et recruteur pour l’état islamique, basé à Perth
Twitters : @AusSecret, @AusWitness, Australi Witness,@http://twitter.com/AusWitnIS6",5,,
WakeUpWhiteMan,"Conservative, Fiction persona, Nationalist, Neo-nazi","Autre personnalité liée à Michael Slay, néonazi, alt-right",4,https://www.stormfront.org/forum/search.php?searchid=26679322,
Michael Slay,"Conservative, Fiction persona, Misogyny, Nationalist, Neo-nazi","Blogger de l’alt-right, néonazi, extrêmement raciste et antisémite, finit par être publié sur the Daily Stormer, le site n°1 des néonazis anglophones, d’où il est banni pour des propos trop violents et, selon le créateur du site Andrew Anglin, non conformes au ton satirique de leur contenu",4,,
Tanya Cohen,"Fiction persona, Freedom of speech, Gamergate, Human Rights, Progressist","Activiste Human Rights et Bloggeuse, progressiste, critique de la Gamergate, compte parodique qui publie beaucoup d’articles demandant l’interdiction des discours de haine.",4,https://twitter.com/xtanyacohenx,
ThePhilosophyOfRape,"Fiction persona, Misogyny, Unsure","Associé mais pas instigateur du mouvement, un subreddit prônant le “viol correctif”, un des bas-fonds de son parcours notamment parce que beaucoup moins clairement parodique que certains de ses autres comptes très violents - une ambiguïté plane quand à la nature satirique de ce “mouvement” ",3,,
Madotsuki the Dreamer,"Anime, Cinema, Films, Video games",Compte servant surtout pour le cataloguage compulsif de films dans des listes sur IMDB,3,https://www.imdb.com/user/ur22410338/,
MetropolisAngel,"Fiction persona, Joshua Ryne Goldberg",Maybe  real him on kiwifarm,3,https://kiwifarms.net/threads/joshua-ryne-goldberg.18068/,
DreamerRyoko - Ryoko Tamada,"Feminism, Fiction persona, Freedom of speech","Etudiante japonaise vivant à Osaka, obsédée par les Etats-Unis, réagit aux commentaires racistes sur Twitter",3,https://jilliancyork.com/2015/09/15/me-and-joshua-goldberg/,https://twitter.com/dreamerryoko
Caitlin Roper,"Deepfake, Feminism, Human Rights, Real persona","Activiste féministe et auteur, usurpation d’identité",3,https://archive.fo/cAYIL,
"Ben Garrison ","Conservative, Deepfake, Neo-nazi, Real persona","Caricaturiste libertarien conservateur américain, Joshua transforme ses dessins en caricatures antisémites et racistes",3,https://www.bbc.com/news/blogs-trending-34292809,
Josh Bornstein,"Deepfake, Nationalist, Neo-nazi, Real persona","Avocat (connu) australien, il publie en son nom un faux article dans le Time’s of Israel demandant un génocide palestinien, ce qui provoque des réactions fortes et des vagues de haine contre Bornstein",3,https://www.theguardian.com/world/2015/may/05/identity-stolen-white-supremacists-times-of-israel,
https://www.youtube.com/@pineapple1077,Joshua Ryne Goldberg,"Compte Youtube où il poste desrips de DVD d’animes d’Osamu Tezuka, son mangaka préféré",2,https://www.youtube.com/@pineapple1077,
Emily Goldstein,"Conservative, Fiction persona",,2,,
Metropolisforever,Fiction persona,"http://badmovies.org / rate movies / Red3blog / ",2,https://archive.is/96I4I,
Elise Potaka,"Deepfake, Real persona","Journaliste australienne dont il usurpe l’identité brièvement avant qu’elle le prenne sur le fait, et qu’elle mène une enquête sur lui et parvienne à le démasquer.",2,,
Junaid Thorne,"Deepfake, Real persona",Prédicateur Islamique Australien dont il usurpe l’identité pour le faire dialoguer avec des jihadistes avant de contacter des journalistes à ce sujet. Il s’avèrera que les conversations étaient fabriquées de toutes pièces avec Joshua interprétant les deux côtés.,2,,
Anne Gus,"Fiction persona, Gamergate, Unsure",,1,https://thoughtcatalog.com/anne-gus/,
Emily_Americana,Fiction persona,"Emily Americana- a Samoan woman in Alaska who does not like fat people
or Europeans.",1,http://web.archive.org/web/20150912183244/https://www.reddit.com/user/Emily_Americana,
Goldman Sachs Paper Tornado,,idem. Raised 4cahn army against him,1,,
Goldman Sachs Paper Rain,,"idem as European88. very arrogant, profane and racist.. series of pages on Facebook during 2014. Attacked Ben Garrison through this voice",1,https://roguecartoonist.blogspot.com/2015/09/joshua-goldberg-troll.html,
Reddit (obsolete),,,,,
Pretty Cameras,,,,,
Dr Shlomo Goldstein,,,,,
• https://np.reddit.com/u/KillZimmy,,,,,
• https://np.reddit.com/u/ILuvLikud (https://www.reddit.com/search?q=author%3AILuvLikud&restrict_sr=&sort=relevance&t=all),,,,,
Mr_Ron_Paul,,,,,
Mrs_Ron_Paul,,,,,
crueltruth,,,,,
"Blackberry_Rosemary (Expo%20Toulon%200ad6a91432e14ef69c62782f91da6e1c/Documents%20expo%206c032635177240848fe7c59dad30b39c/Scrap%20auto%20b0516231d5bc45fe9dc9b4d1ba6bf7a5/Scrap%20list%205949abbf389f49839ecb2da9b0da46d3/Reddit%20eb6751a4245f4410ad2da88ca4f1ee03/Reddit%20Personas%204d9b82ee3a644c3783906c9ff82b20c6/Blackberry_Rosemary%206954127cf7924990a63a68c397da6464.md) ",,,,,
SRSsucks,,,,,
hambaconeggs,,,,,
coontown (moderation,,,,,
DianahSilverstein,,,,,
4chan,,,,,
Metacanadian 420,,,,,
Flappy Bird,,,,,
Amina Blackberry (Washington),,,,https://twitter.com/AminaBlackberry,
"Voix Intérieure Joshua (Acte 1, scène 6) / Montage de textes (Mona)","Joshua Ryne Goldberg, Real persona",,,,
mailto:emilysavea@yahoo.com,,,,,
Firefly_Thief (on steam),,,,,
Shamiwitness,,,,,
akhi_alaustrali,,,,,
Proud_European,"Conservative, Fiction persona, Nationalist",,,,
Gas-the-Kikes,"Conservative, Fiction persona, Nationalist, Neo-nazi",,,,
Le_Cancer-kin,"Fiction persona, Nationalist",,,,
Nuke_Europe,"Conservative, Fiction persona, Nationalist",,,,
Gook poster,,,,,
IslamicStateAU,"Fiction persona, Jihadist",,,,