Name,Tags,Last edited by,Created by,Last edited time
Messages AustraliWitness / other djihadists,"AustraliWitness, djihadist",Mona,Mona,"September 9, 2023 5:50 PM"
Discussions AustraliWitness / FBI as wilayahks,"AustraliWitness, FBI, Surespot, Twitter, djihadist",Mona,Mona,"September 27, 2023 9:13 PM"
Australi Witness,"AustraliWitness, Twitter, djihadist",Mona,Kilian Achalme,"September 13, 2023 3:06 PM"
Discussions AustraliWitness / AFP as mohamadmo7,"AFP, AustraliWitness, Facebook, Surespot, Twitter, djihadist",Mona,Mona,"September 12, 2023 3:41 PM"
Michael Slay,,"Ismaël ",Kilian Achalme,"December 7, 2023 9:01 PM"
Joshua,,"Ismaël ",Kilian Achalme,"August 10, 2023 12:24 AM"
"1st Statement ",,"Ismaël ","Ismaël ","August 10, 2023 12:36 AM"
Caitlin RoperA,,Kilian Achalme,"Ismaël ","April 26, 2023 1:06 PM"
Tweets MoonMetropolis / Freedom of speech,"MoonMetropolis, freedom of speech",Mona,"Ismaël ","September 8, 2023 10:12 AM"
"Tweets & Comments MoonMetropolis ","MoonMetropolis, freedom of speech, horror films, relationship",Mona,Mona,"September 14, 2023 4:13 PM"
"Threads MoonMetropolis / Wrong Planet ","MoonMetropolis, Wrong Planet, autism, loneliness, relationship",William Menguy,Mona,"September 13, 2023 4:52 AM"
"Threads Metropolisforever ","Metropolisforever, anime, banned",Mona,Mona,"September 9, 2023 3:18 PM"
PhilosophyOfRape,,Kilian Achalme,"Ismaël ","April 21, 2023 4:47 PM"
Tanya Cohen,,Kilian Achalme,Kilian Achalme,"April 27, 2023 6:44 PM"
I am michael slay,,William Menguy,"Ismaël ","September 10, 2023 10:07 PM"
MoonMetropolisALT / AdultSwim,,Mona,Mona,"September 14, 2023 4:14 PM"
Prédications AustraliWitness,"AustraliWitness, djihadist",Mona,Mona,"September 25, 2023 1:39 PM"