Name,Tags,Status,Checkbox,Date,Files & media,Multi-select
Blackberry_Rosemary,,Not started,Yes,"March 1, 2014",,
Death_to_SJWs,,Not started,Yes,"January 30, 2014",,
Dreambug (Tany Cohen),,Not started,Yes,"July 1, 2013",,
Emily Americana,,Not started,Yes,,,
Europe Hate Nigger,,Not started,Yes,,,
European88,artifialiser,Not started,Yes,"January 16, 2014",Reddit%20eb6751a4245f4410ad2da88ca4f1ee03/Reddit%20Personas%204d9b82ee3a644c3783906c9ff82b20c6/European88%20866035a6fdf34806886243ca3238ea2b/2aWcOMW%201.png,
FlappyBRD,,Not started,Yes,"August 29, 2015",,
Gas-The-Kikes,,Not started,Yes,,,
Island_Angel,,Not started,Yes,"November 7, 2013",,
kill all pakis,,Not started,Yes,"January 8, 2014",,
MayMayPoster,artifialiser,Not started,Yes,,,
Metacanadian 420,,Not started,Yes,"January 21, 2014",,"joshua, mohammadmo"
Moonmetropolis,,Not started,Yes,,,
Mouthful of Grandpa,,Not started,Yes,"May 4, 2013",,
Nuke Europe,,Not started,Yes,,,
Le_Cancer-kin,,Not started,Yes,,,
Micronesia_Gal,,Not started,No,,,