Nom,Created by,Created time,Date,Description,Discussion TWITTER Australi Witness / AFP Federal Agent as mohamadmo7,Forum/site,Last edited by,Tags,URL,personas,subject
Création chaîne pineapple10,Mona,"September 20, 2023 2:24 PM","May 10, 2006",,,YouTube,Mona,,https://www.youtube.com/@pineapple1077/about,MoonMetropolis,
"Sapphire, you aren’t going to commit suicide, are you ?! Doctor, is his condition terrible?",Mona,"September 9, 2023 3:05 PM","December 11, 2006 5:22 PM → 5:33 PM",,,TezukaInEnglish,Mona,,,MetropolisForever,"anime, forum"
"To be honest, Metropolisforever…The problem is that you have so many questions…",Mona,"September 9, 2023 3:05 PM","January 7, 2007 3:47 AM → January 11, 2007 1:18 PM",Remarque d’un autre utilisateur,,TezukaInEnglish,Mona,,,MetropolisForever,"anime, forum"
I NEED THIS OMG!!! Err… sorry. Fanboy moment.,Mona,"September 9, 2023 3:17 PM","February 10, 2007 9:44 PM",,,TezukaInEnglish,Mona,,,MetropolisForever,"anime, forum"
You can also see the Dororo color pilot film in Japanese.Too bad I don't speak Japanese.,Mona,"September 14, 2023 1:09 PM","February 24, 2007 3:27 AM",,,TezukaInEnglish,Mona,,,MetropolisForever,
Who could forget that ridiculous edit VIZ made to the FullMetal Alchemist manga?,Mona,"September 9, 2023 3:05 PM","March 1, 2007 10:45 PM",,,TezukaInEnglish,Mona,,,MetropolisForever,"anime, forum"
Violence + Porno = $$$,Mona,"September 9, 2023 3:18 PM","March 5, 2007 1:04 AM",,,TezukaInEnglish,Mona,,,MetropolisForever,"anime, forum"
How do I join the GNAA? I want to make my own shock sites! ^_^,Mona,"September 13, 2023 7:40 PM","March 26, 2007 10:14 AM",,,,Mona,,,MetropolisForever,
I would also like to wreck unfair and bad sites and stuff…,Mona,"September 13, 2023 7:42 PM","March 31, 2007 11:32 AM",,,,Mona,,,MetropolisForever,
I HATE THE INTERNET !!!!!!!!!!!!!!!!!!!!!!!!!!!!!!!!!!!!!!!!!!!!!!!!!!!!!,Mona,"September 13, 2023 7:43 PM","March 31, 2007 1:14 PM",,,,Mona,,,MetropolisForever,
https://www.astroboy-online.com/forums/viewtopic.php?f=6&t=3601&sid=e3e1f78602a9b78fad1014100671012a,Mona,"September 14, 2023 12:59 PM","April 7, 2007",,,Astroboy,Mona,,https://www.astroboy-online.com/forums/viewtopic.php?t=3601,MetropolisForever,
Thread Metropolisforever (forum anime),Mona,"September 9, 2023 3:20 PM","May 25, 2007",,,TezukaInEnglish,Mona,,,MetropolisForever,"anime, forum"
"Naruto sucks ass, but it’s not the worst ever.",Mona,"September 9, 2023 3:18 PM","May 25, 2007 1:31 PM → 1:47 PM",,,TezukaInEnglish,Mona,,,MetropolisForever,"anime, forum"
"A while ago, I tried to watch this movie, but I turned it off, because I found it to be incredibly boring.",Mona,"September 14, 2023 12:41 PM","August 1, 2008 10:54 PM",,,Criterion forum,Mona,,https://www.criterionforum.org/forum/viewtopic.php?p=194197,MetropolisForever,
"To be honest, this film could have taken place in any other country where abortion is illegal.",Mona,"September 9, 2023 3:20 PM","January 30, 2009 8:32 PM",,,Cinema,Mona,,,MetropolisForever,"cinema, forum"
"This film deals with the Holocaust with subtlety and realism. There is no Hollywood psuedo-sentimentality like you'd see in a Spielberg film. There is just this man, who, despite his coldness, we feel sympathy for. We watch as he tries to interact with other people, only to end up hurting everyone around him. We see how his classification of all people as ""scum"" is just as bad as the Nazi ideology.",Mona,"September 13, 2023 5:59 PM","February 11, 2009 4:45 PM",,,Criterion forum,Mona,,https://www.criterionforum.org/forum/viewtopic.php?t=9344,MetropolisForever,"cinema, forum"
"I was banned from making threads. It’s not fair, but what can I do? ",Mona,"September 9, 2023 3:21 PM","July 6, 2010 5:35 PM",,,Anime,Mona,,,MetropolisForever,"anime, forum"
Today’s Anime of the Day is Dearest Brother,Mona,"September 9, 2023 3:22 PM","July 7, 2010 2:45 PM",,,Anime,Mona,,,MetropolisForever,"anime, forum"
Today’s Anime of the Day is Belladonna,Mona,"September 9, 2023 3:22 PM","August 13, 2010",,,Anime,Mona,,,MetropolisForever,"anime, forum"
"I’ve seen all porn. It’s boring, it’s unappealing, it’s gross, it’s completely devoid of eroticism, and it makes sex seem disgusting.",Mona,"September 12, 2023 5:37 PM","May 7, 2011",,,Adult Swim,Mona,,,MoonMetropolis,"forum, sexuality"
Speech Delay At A Young Age?,Mona,"September 9, 2023 3:25 PM","July 20, 2011",,,WrongPlanet,Mona,,"https://wrongplanet.net/forums/viewtopic.php?f=3&t=168804&p=3853186#p3853186 ",MoonMetropolis,"autism, forum"
"“So bad, they’re good” games?",Mona,"September 9, 2023 3:29 PM","July 21, 2011 2:08 AM → July 22, 2011 12:29 AM",,,WrongPlanet,Mona,,,MoonMetropolis,"autism, forum, video games"
"I am certainly very effeminate. However, I’m also pretty asexual as well.",Mona,"September 11, 2023 12:51 PM","July 22, 2011 3:42 AM",,,WrongPlanet,Mona,,,MoonMetropolis,"autism, forum, sexuality"
"Do labels like ""straight"", ""gay"", and ""bisexual"" really even exist?",Mona,"September 9, 2023 3:26 PM","July 22, 2011 3:45 AM → 11:07 PM",,,WrongPlanet,Mona,,https://wrongplanet.net/forums/viewtopic.php?f=36&t=168918&p=3859435#p3859435,MoonMetropolis,"autism, forum, sexuality"
"Games that received strong reviews, but not strong sales?",Mona,"September 9, 2023 3:30 PM","August 4, 2011 11:07 PM",,,WrongPlanet,Mona,,,MoonMetropolis,"autism, forum, video games"
"I very much have OCD. ",Mona,"September 9, 2023 3:32 PM","August 4, 2011 11:21 PM",,,WrongPlanet,Mona,,,MoonMetropolis,"autism, forum"
"Could It Be Possible To ""Manufacture"" Humans?",Mona,"September 9, 2023 3:31 PM","August 4, 2011 11:26 PM",,,WrongPlanet,Mona,,"https://wrongplanet.net/forums/viewtopic.php?f=20&t=170486&p=3902712#p3902712 ",MoonMetropolis,"autism, forum"
"I swear constantly online - but I hardly do in real life. In fact, I hardly talk at all in real life. ",Mona,"September 9, 2023 3:32 PM","August 6, 2011 3:36 AM",,,WrongPlanet,Mona,,https://wrongplanet.net/forums/viewtopic.php?f=7&t=170514&p=3906135#p3906135,MoonMetropolis,"autism, forum"
Does anyone else have any experiences with online school?,Mona,"September 9, 2023 3:34 PM","August 6, 2011 4:01 AM",,,WrongPlanet,Mona,,https://wrongplanet.net/forums/viewtopic.php?f=14&t=170600&p=3906146#p3906146,MoonMetropolis,"autism, forum"
"The more I see of people, the more I hate them",Mona,"September 9, 2023 3:36 PM","August 8, 2011 2:06 AM → 10:39 PM",,,WrongPlanet,Mona,,https://wrongplanet.net/forums/viewtopic.php?f=7&t=170790&p=3914173#p3914173,MoonMetropolis,"autism, forum, relationships"
I Hate My Generation,Mona,"September 9, 2023 3:37 PM","August 9, 2011 12:37 AM",,,WrongPlanet,Mona,,https://wrongplanet.net/forums/viewtopic.php?f=23&t=170886&p=3914353#p3914353,MoonMetropolis,"autism, forum, relationships"
Society rewards ignorance and the most depraved members of society are praised.,Mona,"September 9, 2023 3:40 PM","August 10, 2011 12:46 AM",,,WrongPlanet,Mona,,,MoonMetropolis,"autism, forum"
"I never said drygs/alcohol were evil, but their rampant abuse reflects…",Mona,"September 9, 2023 3:38 PM","August 10, 2011 2:37 AM",,,WrongPlanet,Mona,,,MoonMetropolis,"autism, forum"
"Dear Therapists, Psychologists, and Other Assorted Quacks, You're so predictable.",Mona,"September 9, 2023 3:39 PM","August 10, 2011 5:08 AM",,,WrongPlanet,Mona,,"https://wrongplanet.net/forums/viewtopic.php?f=23&t=20952&p=3917632#p3917632 ",MoonMetropolis,"autism, forum"
I am constantly wishing that some kind of devastating force would wipe all of them off the face of the earth.,Mona,"September 9, 2023 3:39 PM","August 10, 2011 11:51 PM",,,WrongPlanet,Mona,,,MoonMetropolis,"autism, forum"
"Websites devoted to pictures and videos of deaths, murders, mutilations and crimes",Mona,"September 9, 2023 3:41 PM","August 12, 2011 2:06 AM",,,WrongPlanet,Mona,,,MoonMetropolis,"autism, forum"
"I don't want any friends, I am incapable of sustaining friendships, and I hate everyone.",Mona,"September 9, 2023 3:41 PM","August 15, 2011 2:25 AM → 3:53 AM",,,WrongPlanet,Mona,,My mom doesn't like me being a loner | Asperger's & Autism Community - Wrong Planet,MoonMetropolis,"autism, forum, relationships, self identity"
The Media and Bullying,Mona,"September 9, 2023 3:42 PM","August 15, 2011 2:56 AM",,,WrongPlanet,Mona,,The Media and Bullying | Asperger's & Autism Community - Wrong Planet,MoonMetropolis,"autism, forum, media"
"Autistics feel emotion strongly? Sorry, but that's a load of crap.",Mona,"September 9, 2023 3:43 PM","August 15, 2011 3:12 AM",,,WrongPlanet,Mona,,https://wrongplanet.net/forums/viewtopic.php?f=3&t=171392&p=3932460#p3932460,MoonMetropolis,"autism, forum"
If You Experience An Emotion In A Dream that you've never experienced in real life…,Mona,"September 9, 2023 3:44 PM","August 16, 2011 1:35 AM",,,WrongPlanet,Mona,,https://wrongplanet.net/forums/viewtopic.php?f=20&t=171623&p=3935040#p3935040,MoonMetropolis,"autism, forum"
"I am completely unable to maintain friendships, I don't connect with people (in fact, I pretty much have no emotion at all), and, at the end of the day, I just hate humans in general - especially the ones my age.",Mona,"September 9, 2023 3:44 PM","August 16, 2011 2:22 AM",,,WrongPlanet,Mona,,AS people with few friends: Do you enjoy being alone or are | Asperger's & Autism Community - Wrong Planet,MoonMetropolis,"autism, forum"
"I cannot cry. No matter how hard I attempt to make myself cry, I simply cannot do it. I am far too apathetic and emotionless.",Mona,"September 9, 2023 3:45 PM","September 14, 2011 10:52 PM",,,WrongPlanet,Mona,,https://wrongplanet.net/forums/viewtopic.php?f=23&t=174520&p=4016182#p4016182,MoonMetropolis,"autism, forum"
What are some autistic/aspie stereotypes that you don't display?,Mona,"September 9, 2023 3:46 PM","October 10, 2011 2:42 PM → 3:00 PM",,,WrongPlanet,Mona,,"Autistic/Aspie Stereotypes You Don't Display? | Asperger's & Autism Community - Wrong Planet ",MoonMetropolis,"autism, forum"
My depression manifests itself as extreme apathy. I completely lack emotion and really couldn't care less about much of anything.,Mona,"September 9, 2023 3:46 PM","October 11, 2011 6:14 PM",,,WrongPlanet,Mona,,https://wrongplanet.net/forums/viewtopic.php?f=3&t=176991&p=4078687#p4078687,MoonMetropolis,"autism, forum"
Are you able to hide your Aspergers?,Mona,"September 9, 2023 3:49 PM","January 6, 2012 5:07 PM",,,WrongPlanet,Mona,,https://wrongplanet.net/forums/viewtopic.php?f=3&t=185888&p=4300523&sid=3b85336f838a237986c17651f6437478#p4300523,MoonMetropolis,"autism, forum"
Are you insecure about the way you talk or the way your voice sounds?,Mona,"September 9, 2023 3:50 PM","January 6, 2012 7:44 PM",,,WrongPlanet,Mona,,,MoonMetropolis,"autism, forum"
I find the whole “relationship” thing rather bewildering,Mona,"September 9, 2023 3:51 PM","March 1, 2012",,,Getting and ex Girlfriend Back Can be Fun,Mona,,,MoonMetropolis,"forum, relationships"
"I took this screenshot by accident. But, hey, now I know how to take screenshots.",Quentin Sombsthay,"September 14, 2023 7:28 PM","March 2, 2012 6:21 AM",,,Steam,Quentin Sombsthay,,https://steamcommunity.com/sharedfiles/filedetails/?id=69808301,MoonMetropolis,
"Okay, so the physics aren’t realistic, but that’s not the point.",Quentin Sombsthay,"September 14, 2023 7:27 PM","March 5, 2012 12:30 AM",,,Steam,Quentin Sombsthay,,,MoonMetropolis,
You’re gonna need some dramamine (trackmania),Quentin Sombsthay,"September 14, 2023 7:26 PM","March 5, 2012 12:30 AM",,,Steam,Quentin Sombsthay,,,MoonMetropolis,
They don’t hate you because they’re mysogynists. They hate you because you’re a scammer who rips off neckbeards on Kickstarter.,Mona,"September 9, 2023 3:52 PM","December 11, 2012 5:43 AM",,,Twitter,Mona,,,MoonMetropolis,tweet
FUUUUU,Quentin Sombsthay,"September 14, 2023 7:25 PM","December 24, 2012 7:21 AM",,,Steam,Quentin Sombsthay,,,MoonMetropolis,
"Looks like someone is in a bad mood, lol…",Mona,"September 14, 2023 3:41 PM","June 30, 2013",,,Reddit,Loïs,,https://archive.ph/ZjhGe#selection-1809.0-1809.42,Dreambug,
MoonMetropolis blocked indefinetely,Mona,"September 14, 2023 1:49 PM","October 23, 2013",,,Wikipedia,"Ismaël ",,https://en.wikipedia.org/wiki/User_talk:MoonMetropolis#Blocked_indefinitely,MoonMetropolis,
Best non swearing insult,Mona,"September 14, 2023 8:12 PM","January 8, 2014 12:28 PM",,,Reddit,Mona,,https://www.reddit.com/r/AskReddit/comments/1unydn/whats_your_best_non_swearing_insult/,MoonMetropolis,
"My sister being born, a humidifier catching on fire, and burning myself from touching the bottom of a lawnmower after being told not to - all from when I was two years old.",Mona,"September 14, 2023 8:09 PM","January 9, 2014 2:10 AM",,,Reddit,Mona,,https://www.reddit.com/r/AskReddit/comments/1urbif/what_is_your_earliest_memory/,MoonMetropolis,
"Any video featuring ""aliens"", obviously.",Mona,"September 14, 2023 7:59 PM","January 10, 2014 1:10 AM",,,Reddit,Mona,,https://www.reddit.com/r/AskReddit/comments/1uvkyw/what_would_be_the_most_confusing_video_featuring/,MoonMetropolis,
"I don't even want friendships, let alone relationships.",Mona,"September 14, 2023 8:07 PM","January 10, 2014 4:09 AM",,,Reddit,Mona,,https://www.reddit.com/r/AskReddit/comments/1uupeo/reddit_why_havent_you_asked_herhim_out_yet/,MoonMetropolis,
I'm banned from https://www.reddit.com/r/ShitRedditSays/ for being an oppressive patriarchal shitlord.,Mona,"September 14, 2023 8:06 PM","January 10, 2014 4:48 AM",,,Reddit,Mona,,https://www.reddit.com/r/AskReddit/comments/1uutdp/reddit_what_subs_are_you_banned_from_what_did_you/,MoonMetropolis,
I don't take pleasure in anything.,Mona,"September 14, 2023 8:05 PM","January 10, 2014 4:49 AM",,,Reddit,Mona,,https://www.reddit.com/r/AskReddit/comments/1uutps/serious_loners_of_reddit_what_do_you_like_to/,MoonMetropolis,
Professional quote maker.,Mona,"September 14, 2023 8:03 PM","January 10, 2014 12:21 PM",,,Reddit,Mona,,https://www.reddit.com/r/AskReddit/comments/1uvisl/reddit_what_is_your_chosen_profession_and_why/,MoonMetropolis,
Florida is the hurricane state.,Mona,"September 14, 2023 8:02 PM","January 10, 2014 12:26 PM",,,Reddit,Mona,,https://www.reddit.com/r/AskReddit/comments/1uvj2e/where_are_you_what_time_is_it_hows_the_weather/,MoonMetropolis,
I contemplate suicide pretty much 24/7.,Mona,"September 14, 2023 8:01 PM","January 10, 2014 12:48 PM",,,Reddit,Mona,,https://www.reddit.com/r/AskReddit/comments/1uvjws/reddit_what_is_the_most_fucked_up_thing_your/,MoonMetropolis,
"What is your currently worst problem?
Life. And how do you plan to solve it?
Death.",Mona,"September 14, 2023 8:00 PM","January 10, 2014 12:55 PM",,,Reddit,Mona,,https://www.reddit.com/r/AskReddit/comments/1uvk87/what_is_your_currently_worst_problem_and_how_do/,MoonMetropolis,
Ice fetishism,Mona,"September 14, 2023 7:58 PM","January 10, 2014 1:17 PM",,,Reddit,Mona,,https://www.reddit.com/r/AskReddit/comments/1uvla9/if_your_personality_was_a_sexual_fetish_what/,MoonMetropolis,
"The most absolutely worthless degree would be something like gender studies. Unless, of course, you intend to become a professional gender studier.",Mona,"September 14, 2023 7:57 PM","January 10, 2014 1:18 PM",,,Reddit,Mona,,https://www.reddit.com/r/AskReddit/comments/1uvlad/what_degrees_are_wisepointless_to_study/,MoonMetropolis,
"I don't hold conversations with anyone... or have anything in common with anyone, for that matter…",Mona,"September 14, 2023 7:55 PM","January 10, 2014 1:26 PM",,,Reddit,Mona,,https://www.reddit.com/r/AskReddit/comments/1uvlnk/how_do_you_hold_a_conversation_with_someone_you/,MoonMetropolis,
"Well, if they do, they have made a very wise choice by avoiding all contact with humans.",Mona,"September 14, 2023 7:53 PM","January 10, 2014 1:31 PM",,,Reddit,Mona,,https://www.reddit.com/r/AskReddit/comments/1uvlw4/do_aliens_exist/cem2xqy/?context=3,MoonMetropolis,
Suicide is what I think about pretty much 24/7.,Mona,"September 14, 2023 7:37 PM","January 10, 2014 1:33 PM",,,Reddit,Mona,,https://www.reddit.com/user/MoonMetropolis/,MoonMetropolis,
Mariam is one of the idiots who thinks offending Muslims should be illegal.,Mona,"September 9, 2023 3:55 PM","April 9, 2014 9:44 PM → July 23, 2014 4:22 PM",,,Twitter,Mona,,,MoonMetropolis,"freedom of speech, tweet"
Video games should be respected and recognized the same way as other art forms are.,Mona,"September 9, 2023 3:53 PM","May 21, 2014",,,Twitter,Mona,,,MoonMetropolis,tweet
I was actually really surprised by how A Serbian Film decent was.,Mona,"September 9, 2023 3:54 PM","July 12, 2014",,,Twitter,Mona,,https://twitter.com/MoonMetropolis/status/496516990421327872,MoonMetropolis,"cinema, tweet"
August Underground’s Mordum is even more extrem than A Serbian Film.,Mona,"September 9, 2023 3:55 PM","August 4, 2014 → August 5, 2014",,,Twitter,Mona,,,MoonMetropolis,"cinema, tweet"
"Australia’s government censors have banned another horror film, then banned the EDITED version of it :",Mona,"September 9, 2023 3:56 PM","August 20, 2014 9:34 AM",,,Twitter,Mona,,,MoonMetropolis,"cinema, tweet"
Do you have any idea how many names I’ve used online?,Mona,"September 26, 2023 4:15 PM","September 11, 2014",,,,Mona,,https://imgur.com/pqXHpic,"Emily-Americana, Joshua Goldberg, MoonMetropolis",
"Jews demand open borders for USA, but use DNA to keep Israel racially pure",Mona,"September 14, 2023 5:03 PM","September 28, 2014 1:28 PM",,,Reddit,Mona,,https://archive.ph/a2yGQ#selection-1947.0-1947.74,MayMayPoster,
"In Australia and the UK, “journalists” lead the charge for total control of the press.",Mona,"September 9, 2023 4:03 PM","November 9, 2014 → November 10, 2014",,,Twitter,Mona,,,MoonMetropolis,"freedom of speech, tweet"
Can’t wait for people angrily flaming me in the comments.,Mona,"September 9, 2023 4:04 PM","November 18, 2014",,,Twitter,Mona,,,MoonMetropolis,tweet
email address of mailto:maymayposter@gmail.com is created,Quentin Sombsthay,"September 14, 2023 3:42 PM","January 4, 2015",,,,Quentin Sombsthay,,,Joshua Goldberg,
"@Tanya Cohen : It’s real, and she also writes for Daily Kos.",Mona,"September 9, 2023 3:56 PM","January 7, 2015",,,Twitter,Mona,,,MoonMetropolis,tweet
Remember that Amnesty International & all other “human rights” groups STRONGLY support “hate speech” laws.,Mona,"September 9, 2023 3:57 PM","January 8, 2015 1:15 AM",,,Twitter,Mona,,,MoonMetropolis,"freedom of speech, tweet"
Australi Witness directly praised Mariam in his new threat,Mona,"September 9, 2023 3:57 PM","January 23, 2015 12:39 AM",,,Twitter,Mona,,,MoonMetropolis,tweet
Isreal and Lebanon: Is a 3rd War in the Offing?,Quentin Sombsthay,"September 14, 2023 7:35 PM","February 3, 2015 7:23 AM",,,,Mona,,https://www.juancole.com/profile/moonm,MoonMetropolis,
"This is just about the most sick, twisted thing I’ve ever read",Mona,"September 9, 2023 4:00 PM","April 9, 2015 → April 10, 2015",Josh Bornstein & Times of Israel,,Twitter,Mona,,,MoonMetropolis,tweet
Discussion avec Grant Taylor 4/15/15,Quentin Sombsthay,"September 12, 2023 5:12 PM","April 15, 2015",,,Twitter,Quentin Sombsthay,,,"Grant Taylor, MoonMetropolis",
Discussion Elise Potaka 4/15/15,Quentin Sombsthay,"September 12, 2023 3:05 PM","April 15, 2015",,,Twitter,Quentin Sombsthay,,,"Elise Potaka, MoonMetropolis",
Discussion Elise Potaka 4/16/15,Quentin Sombsthay,"September 12, 2023 4:31 PM","April 16, 2015",,,Twitter,Quentin Sombsthay,,,"Elise Potaka, MoonMetropolis",
Mail envoyé à Elise Potaka,Quentin Sombsthay,"September 12, 2023 3:59 PM","April 16, 2015 6:51 AM",,,,Quentin Sombsthay,,,MetropolisForever,
Mail envoyé à Grant Taylor,Quentin Sombsthay,"September 12, 2023 4:16 PM","April 18, 2015 2:22 AM",,,,Quentin Sombsthay,,,MetropolisForever,
Mail envoyé à Cyndi Lavrenci,Quentin Sombsthay,"September 12, 2023 4:17 PM","April 19, 2015 12:58 AM",,,,Quentin Sombsthay,,,MetropolisForever,
Discussion Grant Taylor 4/20/15,Quentin Sombsthay,"September 12, 2023 7:37 PM","April 20, 2015",,,Twitter,Quentin Sombsthay,,,"Grant Taylor, MoonMetropolis",
Discussion Grant Taylor 4/22/15,Quentin Sombsthay,"September 12, 2023 7:41 PM","April 22, 2015",,,Twitter,Quentin Sombsthay,,,"Grant Taylor, MoonMetropolis",
Discussion Cyndi Lavrenci 4/22/15,Quentin Sombsthay,"September 12, 2023 7:39 PM","April 22, 2015",,,Twitter,Quentin Sombsthay,,,"Cyndi Lavrenci, MoonMetropolis",
Discussion Cyndi Lavrencic 4/23/15,Quentin Sombsthay,"September 12, 2023 7:43 PM","April 23, 2015",,,Twitter,Quentin Sombsthay,,,"Cyndi Lavrenci, MoonMetropolis",
Discussion Grant Taylor 4/23/15,Quentin Sombsthay,"September 12, 2023 7:42 PM","April 23, 2015",,,Twitter,Quentin Sombsthay,,,"Grant Taylor, MoonMetropolis",
Mail envoyé à Rita Panahi,Quentin Sombsthay,"September 12, 2023 7:43 PM","April 27, 2015",,,,Quentin Sombsthay,,,MetropolisForever,
Echange de mails avec Tom Minear,Quentin Sombsthay,"September 12, 2023 7:48 PM","April 28, 2015",,,,Quentin Sombsthay,,,MetropolisForever,
Mail envoyé à Alice Pooley,Quentin Sombsthay,"September 12, 2023 7:47 PM","April 28, 2015",,,,Quentin Sombsthay,,,MetropolisForever,
Discussion avec Alice Pooley 4/28/15,Quentin Sombsthay,"September 12, 2023 7:46 PM","April 28, 2015",,,Twitter,Quentin Sombsthay,,,"Alice Pooley, MoonMetropolis",
Mail envoyé à Chiara Zaffino,Quentin Sombsthay,"September 12, 2023 7:46 PM","April 28, 2015",,,,Quentin Sombsthay,,,MetropolisForever,
Discussion Chiara Zaffino 4/28/15,Quentin Sombsthay,"September 12, 2023 7:45 PM","April 28, 2015",,,Twitter,Quentin Sombsthay,,,"Chiara Zaffino, MoonMetropolis",
Echange de mails avec Tom Minear,Quentin Sombsthay,"September 12, 2023 7:50 PM","April 29, 2015",,,,Quentin Sombsthay,,,MetropolisForever,
Echange de mails avec Rita Panahi,Quentin Sombsthay,"September 12, 2023 7:49 PM","April 29, 2015",,,,Quentin Sombsthay,,,MetropolisForever,
"@AlWalawalbara_1 @Islamshining Yep, that’s him",Quentin Sombsthay,"September 12, 2023 3:06 PM","April 29, 2015 6:52 AM",,,Twitter,"Ismaël ",,,AustraliWitness,"djihadist, tweet"
@AlWalawalbara_1 @Islamshining Almost all Zionist organisations in Australia are located on one street: cj303addict.wordpress.com/2015/01/22/alm…,Quentin Sombsthay,"September 12, 2023 3:02 PM","April 29, 2015 6:52 AM",,,Twitter,Mona,,,AustraliWitness,"djihadist, tweet"
Australian Zionist Josh Bornstein has written an article demanding murder of all Muslims: http://archive.today/bUarE This Shaytan needs to pay,Quentin Sombsthay,"September 12, 2023 1:35 PM","April 29, 2015 10:22 AM",,,Twitter,Quentin Sombsthay,,,AustraliWitness,"djihadist, tweet"
Echange de mails avec Tom Minear,Quentin Sombsthay,"September 12, 2023 7:52 PM","April 30, 2015",,,,Quentin Sombsthay,,,MetropolisForever,
Please support our sister @MariamVeiszadeh. She is working to outlaw anti-Islam speech in Australia.,Quentin Sombsthay,"September 12, 2023 1:17 PM","April 30, 2015 8:03 AM",,,Twitter,Mona,,,AustraliWitness,"djihadist, tweet"
"@rayyyych @flexgirl2 @MOK2024 I’m friends with Mariam, but I understant why she may distance herself. May Allah (SWT) bless her.",Quentin Sombsthay,"September 12, 2023 1:20 PM","April 30, 2015 12:19 PM",,,Twitter,Mona,,,AustraliWitness,"djihadist, tweet"
"Kuffar are holding a large “ Draw Muhammed (PBUH)” event in Garland, Texas on May 3rd: http://breitbart.com/texas/2015/02/… Please spread to US brothers.",Quentin Sombsthay,"September 12, 2023 1:28 PM","May 1, 2015",,,Twitter,Mona,,,AustraliWitness,"djihadist, tweet"
"Here is a map to the Curtis Culwell Center, where the “Draw Muhammed” (PBUH) event will be hosted on Sunday: http://google.com/maps/place/Cur…",Quentin Sombsthay,"September 12, 2023 1:26 PM","May 1, 2015",,,Twitter,Mona,,,AustraliWitness,"djihadist, tweet"
"Retweet : Jazrawi Lion @AusWitnessIS Brothers in Texas Pls go to there with your weapons, bombs or with knifes Defa,d your prophet, It is your chance now !!",Quentin Sombsthay,"September 12, 2023 1:23 PM","May 1, 2015",,,Twitter,Mona,,,AustraliWitness,"djihadist, tweet"
"Shariah is Light : The bro with me and myself have given bay'ah to Amirul Mu'mineen. May Allah accept us as mujahideen.
Make dua #texasattack",Mona,"September 22, 2023 12:56 PM","May 3, 2015",,,,Mona,,,,
"I’M BACK, KUFFAR! DIE IN YOUR RAGE!",Mona,"September 13, 2023 3:29 PM","May 3, 2015",,,Twitter,Quentin Sombsthay,,,AustraliWitness,
May Allah (SWT) reward the #Garland mujahideen with a seat right next to the Prophet (PBHU) in Jannah.,Quentin Sombsthay,"September 12, 2023 1:32 PM","May 3, 2015",,,Twitter,Mona,,,AustraliWitness,"djihadist, tweet"
BROTHERS IN AUSTRALIA : Cartoonist Larry Pickering has drawn the Prophet (PBUH) as a dead pig,Mona,"September 22, 2023 10:52 AM","May 4, 2015",,,Twitter,Mona,,,AustraliWitness,
A helpful guide on how to make hijrah to the Islamic State: https://t.co/K54n5QddH0,Quentin Sombsthay,"September 12, 2023 3:08 PM","May 4, 2015",,,Twitter,Mona,,,AustraliWitness,"djihadist, tweet"
Echange de mails avec Elise Potaka,Quentin Sombsthay,"September 12, 2023 7:55 PM","May 5, 2015",,,,Quentin Sombsthay,,,MetropolisForever,
Discussion avec Elise Potaka 5/5/15,Quentin Sombsthay,"September 12, 2023 7:54 PM","May 5, 2015",,,Twitter,Quentin Sombsthay,,,"Elise Potaka, MoonMetropolis",
Echange de mails avec Grant Taylor 06/05/15,Quentin Sombsthay,"September 12, 2023 7:56 PM","May 6, 2015",,,,Quentin Sombsthay,,,MetropolisForever,
Discussion avec Grant Taylor 5/6/15,Quentin Sombsthay,"September 12, 2023 7:55 PM","May 6, 2015",,,Twitter,Quentin Sombsthay,,,"Grant Taylor, MoonMetropolis",
Discussion avec Elise Potaka 5/7/15,Quentin Sombsthay,"September 12, 2023 7:58 PM","May 7, 2015",,,Twitter,Quentin Sombsthay,,,"Elise Potaka, MoonMetropolis",
Discussion avec Grant Taylor 5/7/15,Quentin Sombsthay,"September 12, 2023 7:58 PM","May 7, 2015",,,Twitter,Quentin Sombsthay,,,"Grant Taylor, MoonMetropolis",
Discussion avec Elise Potaka 5/8/15,Quentin Sombsthay,"September 12, 2023 7:59 PM","May 8, 2015",,,Twitter,Quentin Sombsthay,,,"Elise Potaka, MoonMetropolis",
"Yahoo! Account mailto:auswitness@yahoo.com was created
on May 9, 2015.",Quentin Sombsthay,"September 14, 2023 3:41 PM","May 9, 2015",,,,Quentin Sombsthay,,,Joshua Goldberg,
Discussion avec Elise Potaka 5/9/15,Quentin Sombsthay,"September 12, 2023 7:59 PM","May 9, 2015",,,Twitter,Quentin Sombsthay,,,"Elise Potaka, MoonMetropolis",
Discussion avec Elise Potaka 5/15/15,Quentin Sombsthay,"September 12, 2023 8:01 PM","May 15, 2015",,,Twitter,Quentin Sombsthay,,,"Elise Potaka, MoonMetropolis",
Discussion avec Grant Taylor 5/23/15,Quentin Sombsthay,"September 12, 2023 8:02 PM","May 23, 2015",,,Twitter,Quentin Sombsthay,,,"Grant Taylor, MoonMetropolis",
Discussion avec Elise Potaka 5/24/15,Quentin Sombsthay,"September 13, 2023 10:38 AM","May 24, 2015",,,Twitter,Quentin Sombsthay,,,"Elise Potaka, MoonMetropolis",
I remember when critics where calling any violent horror film “torture porn”.,Mona,"September 9, 2023 4:05 PM","May 24, 2015",,,Twitter,Mona,,,MoonMetropolis,"cinema, tweet"
Discussion avec Media Direct (Mac Mahon) 5/26/15,Quentin Sombsthay,"September 13, 2023 10:39 AM","May 26, 2015",,,Twitter,Quentin Sombsthay,,,"Mac Mahon, MoonMetropolis",
Discussion avec Media Direct (Mac Mahon) 5/28/15,Quentin Sombsthay,"September 13, 2023 10:41 AM","May 28, 2015",,,Twitter,Quentin Sombsthay,,,"Mac Mahon, MoonMetropolis",
Discussion avec Grant Taylor 5/29/15,Quentin Sombsthay,"September 13, 2023 11:01 AM","May 29, 2015",,,Twitter,Quentin Sombsthay,,,"Grant Taylor, MoonMetropolis",
Discussion avec Media Direct (Mac Mahon) 5/29/15,Quentin Sombsthay,"September 13, 2023 10:43 AM","May 29, 2015",,,Twitter,Quentin Sombsthay,,,"Mac Mahon, MoonMetropolis",
Discussion avec Elise Potaka 5/31/15,Quentin Sombsthay,"September 13, 2023 11:02 AM","May 31, 2015",,,Twitter,Quentin Sombsthay,,,"Elise Potaka, MoonMetropolis",
Discussion avec Elise Potaka 6/1/15,Quentin Sombsthay,"September 13, 2023 11:03 AM","June 1, 2015",,,Twitter,Quentin Sombsthay,,,"Elise Potaka, MoonMetropolis",
Discussion avec Media Direct (Mac Mahon) 6/5/15,Quentin Sombsthay,"September 13, 2023 11:04 AM","June 5, 2015",,,Twitter,Quentin Sombsthay,,,"Mac Mahon, MoonMetropolis",
Discussion Australi Witness / AFP Federal Agent 6/5/15,Quentin Sombsthay,"September 12, 2023 5:15 PM","June 5, 2015",,,Twitter,Mona,,,AustraliWitness,
Discussion avec Media Direct (Mac Mahon) 6/8/15,Quentin Sombsthay,"September 13, 2023 11:05 AM","June 8, 2015",,,Twitter,Quentin Sombsthay,,,"Mac Mahon, MoonMetropolis",
Discussion Australi Witness / AFP Federal Agent 6/8/15,Mona,"September 13, 2023 9:47 AM","June 8, 2015",,,Twitter,Mona,,,AustraliWitness,
https://justpaste.it/auswitness,Quentin Sombsthay,"September 12, 2023 2:43 PM","June 9, 2015",,,JustPaste.it,Mona,,,AustraliWitness,djihadist
Discussion Elise Potaka / Amina Blackberry 6/14/15,Quentin Sombsthay,"September 13, 2023 11:06 AM","June 14, 2015",,,Twitter,Quentin Sombsthay,,,"Amina Blackberry, Elise Potaka, MoonMetropolis",
"Discussion Australi Witness / AFP Federal Agent 6/14/15
",Mona,"September 13, 2023 9:53 AM","June 14, 2015",,,Twitter,Mona,,,AustraliWitness,
Discussion Australi Witness / AFP Federal Agent 6/15/15,Mona,"September 13, 2023 9:59 AM","June 15, 2015",,,Twitter,Mona,,,AustraliWitness,
Discussion Australi Witness / AFP Federal Agent 6/16/15,Mona,"September 13, 2023 10:04 AM","June 16, 2015",,,Twitter,Mona,,,AustraliWitness,
"Discussion Australi Witness / AFP Federal Agent 6/17/15
",Mona,"September 13, 2023 10:08 AM","June 17, 2015",,,Twitter,Mona,,,AustraliWitness,
Discussion Australi Witness / AFP Federal Agent 6/19/15,Mona,"September 13, 2023 10:18 AM","June 19, 2015",,,Twitter,Mona,,,AustraliWitness,
Discussion Australi Witness / AFP Federal Agent 6/20/15,Mona,"September 13, 2023 10:23 AM","June 20, 2015",,,Twitter,Mona,,,AustraliWitness,
Discussion avec Media Direct (Mac Mahon) 6/21/15,Quentin Sombsthay,"September 13, 2023 11:08 AM","June 21, 2015",,,Twitter,Quentin Sombsthay,,,"Mac Mahon, MoonMetropolis",
"Discussion Australi Witness / AFP Federal Agent 6/21/15
",Mona,"September 13, 2023 10:25 AM","June 21, 2015",,,Twitter,Mona,,,AustraliWitness,
Discussion Australi Witness / AFP Federal Agent 6/22/15,Mona,"September 13, 2023 10:28 AM","June 22, 2015",,,Twitter,Mona,,,AustraliWitness,
Discussion Australi Witness / AFP Federal Agent 6/23/15,Mona,"September 13, 2023 10:29 AM","June 23, 2015",,,Twitter,Mona,,,AustraliWitness,
Discussion Australi Witness / AFP Federal Agent 6/24/15,Mona,"September 13, 2023 10:30 AM","June 24, 2015",,,Twitter,Mona,,,AustraliWitness,
Discussion Australi Witness / AFP Federal Agent 6/25/15,Mona,"September 13, 2023 10:33 AM","June 25, 2015",,,Twitter,Mona,,,AustraliWitness,
Discussion Australi Witness / AFP Federal Agent 6/26/15,Mona,"September 13, 2023 10:35 AM","June 26, 2015",,,Twitter,Mona,,,AustraliWitness,
Discussion Australi Witness / AFP Federal Agent 6/27/15,Mona,"September 13, 2023 10:36 AM","June 27, 2015",,,Twitter,Mona,,,AustraliWitness,
Discussion avec Media Direct (Mac Mahon) 6/29/15,Quentin Sombsthay,"September 13, 2023 11:08 AM","June 29, 2015",,,Twitter,Quentin Sombsthay,,,"Mac Mahon, MoonMetropolis",
Discussion Australi Witness / AFP Federal Agent 6/29/15,Mona,"September 13, 2023 10:38 AM","June 29, 2015",,,Twitter,Mona,,,AustraliWitness,
template timeline,Mona,"September 27, 2023 7:09 PM","June 30, 2015 → July 4, 2015",,,,Mona,,,AustraliWitness,
Discussion Australi Witness / AFP Federal Agent 6/30/15,Mona,"September 13, 2023 10:42 AM","June 30, 2015",,,Twitter,Mona,,,AustraliWitness,
Discussion avec Media Direct (Mac Mahon) 7/1/15,Quentin Sombsthay,"September 13, 2023 11:10 AM","July 1, 2015",,,Twitter,Quentin Sombsthay,,,"Mac Mahon, MoonMetropolis",
Discussion Australi Witness / AFP Federal Agent 7/1/15,Mona,"September 13, 2023 10:43 AM","July 1, 2015",,,Twitter,Mona,,,AustraliWitness,
Discussion avec Media Direct (Mac Mahon) 7/2/15,Quentin Sombsthay,"September 13, 2023 11:11 AM","July 2, 2015",,,Twitter,Quentin Sombsthay,,,"Mac Mahon, MoonMetropolis",
Discussion Australi Witness / AFP Federal Agent 7/2/15,Mona,"September 13, 2023 10:45 AM","July 2, 2015",,,Twitter,Mona,,,AustraliWitness,
Discussion Australi Witness / AFP Federal Agent 7/3/15,Mona,"September 13, 2023 10:46 AM","July 3, 2015",,,Twitter,Mona,,,AustraliWitness,
Discussion Australi Witness / AFP Federal Agent 7/4/15,Mona,"September 13, 2023 10:47 AM","July 4, 2015",,,Twitter,Mona,,,AustraliWitness,
Discussion avec Media Direct (Mac Mahon) 7/5/15,Quentin Sombsthay,"September 13, 2023 11:11 AM","July 5, 2015",,,Twitter,Quentin Sombsthay,,,"Mac Mahon, MoonMetropolis",
Discussion Australi Witness / AFP Federal Agent 7/6/15,Mona,"September 13, 2023 10:48 AM","July 6, 2015",,,"Surespot, Twitter",Mona,,,AustraliWitness,
Discussion Australi Witness / AFP Federal Agent 7/7/15,Mona,"September 13, 2023 10:52 AM","July 7, 2015",,,"Surespot, Twitter",Mona,,,AustraliWitness,
template timeline,Mona,"September 27, 2023 7:09 PM","July 8, 2015 → July 12, 2015",,,,Mona,,,AustraliWitness,
template timeline,Mona,"September 27, 2023 7:09 PM","July 9, 2015 → July 13, 2015",,,,Mona,,,AustraliWitness,
Discussion Australi Witness / AFP Federal Agent 7/9/15,Mona,"September 13, 2023 10:53 AM","July 9, 2015",,,"Surespot, Twitter",Mona,,,AustraliWitness,
Discussion Australi Witness / AFP Federal Agent 7/10/15,Mona,"September 13, 2023 10:55 AM","July 10, 2015",,,"Surespot, Twitter",Mona,,,AustraliWitness,
Discussion avec Elise Potaka 7/11/15,Quentin Sombsthay,"September 13, 2023 11:14 AM","July 11, 2015",,,Twitter,Quentin Sombsthay,,,"Elise Potaka, MoonMetropolis",
Discussion avec Elise Potaka 7/12/15,Quentin Sombsthay,"September 13, 2023 11:14 AM","July 12, 2015",,,Twitter,Quentin Sombsthay,,,"Elise Potaka, MoonMetropolis",
Discussion Australi Witness / AFP Federal Agent 7/12/15,Mona,"September 13, 2023 10:56 AM","July 12, 2015",,,"Surespot, Twitter",Mona,,,AustraliWitness,
Discussion avec Media Direct (Mac Mahon) 7/13/15,Quentin Sombsthay,"September 13, 2023 11:15 AM","July 13, 2015",,,Twitter,Quentin Sombsthay,,,"Mac Mahon, MoonMetropolis",
Discussion Australi Witness / AFP Federal Agent 7/13/15,Mona,"September 13, 2023 10:58 AM","July 13, 2015",,,"Surespot, Twitter",Mona,,,AustraliWitness,
Discussion Australi Witness / AFP Federal Agent 7/14/15,Mona,"September 13, 2023 11:00 AM","July 14, 2015",,,Surespot,Mona,,,AustraliWitness,
Discussion avec Media Direct (Mac Mahon) 7/15/15,Quentin Sombsthay,"September 13, 2023 11:15 AM","July 15, 2015",,,Twitter,Quentin Sombsthay,,,"Mac Mahon, MoonMetropolis",
Discussion Australi Witness / AFP Federal Agent 7/16/15,Mona,"September 13, 2023 11:01 AM","July 16, 2015",,,Surespot,Mona,,,AustraliWitness,
template timeline,Mona,"September 27, 2023 7:10 PM","July 17, 2015 → July 21, 2015",,,,Mona,,,AustraliWitness,
template timeline,Mona,"September 27, 2023 7:10 PM","July 17, 2015 → July 21, 2015",,,,Mona,,,AustraliWitness,
template timeline,Mona,"September 27, 2023 7:10 PM","July 17, 2015 → July 21, 2015",,,,Mona,,,AustraliWitness,
Discussion Australi Witness / AFP Federal Agent 7/17/15,Mona,"September 13, 2023 11:03 AM","July 17, 2015",,,Surespot,Mona,,,AustraliWitness,
About European88,Mona,"September 14, 2023 3:43 PM","July 18, 2015",,,Reddit,"Ismaël ",,https://archive.ph/EOfZg,Dreambug,
Discussion Australi Witness / AFP Federal Agent 7/18/15,Mona,"September 13, 2023 11:05 AM","July 18, 2015",,,Surespot,Mona,,,AustraliWitness,
Post sur 8chan Islamic State,Quentin Sombsthay,"September 12, 2023 1:08 PM","July 20, 2015 3:31 PM",,,8chan,Mona,,https://archive.is/ndEoU,AustraliWitness,djihadist
Discussion Australi Witness / AFP Federal Agent 7/21/15,Mona,"September 13, 2023 11:08 AM","July 21, 2015",,,Surespot,Mona,,,AustraliWitness,
"All cultures are equal, but some cultures are more equal than others.",Mona,"September 14, 2023 7:27 PM","July 21, 2015 4:41 PM",,,Blazingcatfurs,Mona,,https://blazingcatfur.ca/2015/07/21/sweden-democrats-plan-gay-pride-parade-through-muslim-areas-leftists-and-gay-rights-groups-decry-the-parade-as-racist/#comment-2148886462,MoonMetropolis,
Discussion Australi Witness / AFP Federal Agent 7/22/15,Mona,"September 13, 2023 11:12 AM","July 22, 2015",,,Surespot,Mona,,,AustraliWitness,
Discussion Australi Witness / AFP Federal Agent 7/23/15,Mona,"September 13, 2023 11:15 AM","July 23, 2015",,,Surespot,Mona,,,AustraliWitness,
Discussion Australi Witness / AFP Federal Agent 7/24/15,Mona,"September 13, 2023 11:16 AM","July 24, 2015",,,Surespot,Mona,,,AustraliWitness,
Discussion Australi Witness / AFP Federal Agent 7/25/15,Mona,"September 13, 2023 11:18 AM","July 25, 2015",,,Surespot,Mona,,,AustraliWitness,
Discussion FBI as wilayahks 7/26/15,Quentin Sombsthay,"September 13, 2023 5:45 PM","July 26, 2015",,,Surespot,Quentin Sombsthay,,,AustraliWitness,
Discussion FBI as wilayahks 7/27/15,Quentin Sombsthay,"September 13, 2023 5:45 PM","July 27, 2015",,,Surespot,Quentin Sombsthay,,,AustraliWitness,
Discussion Australi Witness / AFP Federal Agent 7/27/15,Mona,"September 13, 2023 11:19 AM","July 27, 2015",,,Surespot,Mona,,,AustraliWitness,
Discussion FBI as wilayahks 7/28/15,Quentin Sombsthay,"September 13, 2023 5:45 PM","July 28, 2015",,,Surespot,Quentin Sombsthay,,,AustraliWitness,
Discussion Australi Witness / AFP Federal Agent 7/28/15,Mona,"September 13, 2023 11:20 AM","July 28, 2015",,,Surespot,Mona,,,AustraliWitness,
Discussion Australi Witness / AFP Federal Agent 7/29/15,Mona,"September 13, 2023 11:21 AM","July 29, 2015",,,Surespot,Mona,,,AustraliWitness,
Discussion FBI as wilayahks 7/30/15,Quentin Sombsthay,"September 13, 2023 5:45 PM","July 30, 2015",,,Surespot,Quentin Sombsthay,,,AustraliWitness,
Discussion Australi Witness / AFP Federal Agent 7/30/15,Mona,"September 13, 2023 11:22 AM","July 30, 2015",,,Surespot,Mona,,,AustraliWitness,
Discussion FBI as wilayahks 7/31/15,Quentin Sombsthay,"September 13, 2023 5:45 PM","July 31, 2015",,,Surespot,Mona,,,AustraliWitness,
Discussion Australi Witness / AFP Federal Agent 7/31/15,Mona,"September 13, 2023 11:23 AM","July 31, 2015",,,"Surespot, Twitter",Mona,,,AustraliWitness,
Discussion FBI as wilayahks 8/1/15,Quentin Sombsthay,"September 13, 2023 5:45 PM","August 1, 2015",,,Surespot,Quentin Sombsthay,,,AustraliWitness,
Discussion Australi Witness / AFP Federal Agent 8/1/15,Mona,"September 13, 2023 11:24 AM","August 1, 2015",,,"Surespot, Twitter",Mona,,,AustraliWitness,
Discussion Australi Witness / AFP Federal Agent 8/2/15,Mona,"September 13, 2023 11:26 AM","August 2, 2015",,,Surespot,Mona,,,AustraliWitness,
Discussion Australi Witness / AFP Federal Agent 8/5/15,Mona,"September 13, 2023 11:27 AM","August 5, 2015",,,Surespot,Mona,,,AustraliWitness,
Discussion avec Media Direct (Mac Mahon) 8/5/15,Quentin Sombsthay,"September 13, 2023 11:17 AM","August 5, 2015",,,Twitter,Quentin Sombsthay,,,"Mac Mahon, MoonMetropolis",
Discussion FBI as wilayahks 8/5/15,Quentin Sombsthay,"September 12, 2023 6:10 PM","August 5, 2015",,,Surespot,Quentin Sombsthay,,,AustraliWitness,
Discussion avec Media Direct (Mac Mahon) 8/6/15,Quentin Sombsthay,"September 13, 2023 11:17 AM","August 6, 2015",,,Twitter,Quentin Sombsthay,,,"Mac Mahon, MoonMetropolis",
Discussion FBI as wilayahks 8/6/15,Quentin Sombsthay,"September 12, 2023 6:11 PM","August 6, 2015",,,Surespot,Quentin Sombsthay,,,AustraliWitness,
Discussion avec Media Direct (Mac Mahon) 8/7/15,Quentin Sombsthay,"September 13, 2023 11:17 AM","August 7, 2015",,,Twitter,Quentin Sombsthay,,,"Mac Mahon, MoonMetropolis",
Discussion FBI as wilayahks 8/7/15,Quentin Sombsthay,"September 12, 2023 6:13 PM","August 7, 2015",,,Surespot,Quentin Sombsthay,,,AustraliWitness,
Discussion Australi Witness / AFP Federal Agent 8/8/15,Mona,"September 13, 2023 11:28 AM","August 8, 2015",,,Surespot,Mona,,,AustraliWitness,
Discussion avec Grant Taylor 8/8/15,Quentin Sombsthay,"September 13, 2023 11:19 AM","August 8, 2015",,,Twitter,Quentin Sombsthay,,,"Grant Taylor, MoonMetropolis",
Discussion avec Media Direct (Mac Mahon) 8/8/15,Quentin Sombsthay,"September 13, 2023 11:17 AM","August 8, 2015",,,Twitter,Quentin Sombsthay,,,"Mac Mahon, MoonMetropolis",
Discussion FBI as wilayahks 8/8/15,Quentin Sombsthay,"September 12, 2023 6:15 PM","August 8, 2015",,,Surespot,Quentin Sombsthay,,,AustraliWitness,
"Here's what would happen if this did occur:
1. A hashtag expressing ""solidarity with Muslims"" would immediately go viral (think #IllRideWithYou).",Mona,"September 14, 2023 7:24 PM","August 9, 2015",,,Blazingcatfurs,Mona,,https://blazingcatfur.ca/2015/08/08/isis-jihadists-reportedly-planning-to-detonate-bomb-in-central-london-and-kill-the-queen-on-vj-day/#comment-2182821959,MoonMetropolis,
Discussion FBI as wilayahks 8/9/15,Quentin Sombsthay,"September 12, 2023 6:15 PM","August 9, 2015",,,Surespot,Quentin Sombsthay,,,AustraliWitness,
the FBI received information from the AFP,Quentin Sombsthay,"September 14, 2023 3:16 PM","August 10, 2015",,,,Quentin Sombsthay,,,Joshua Goldberg,
Discussion AusWitness / Butayn 8/10/15,Quentin Sombsthay,"September 13, 2023 3:21 PM","August 10, 2015",,,,Quentin Sombsthay,,,AustraliWitness,
Discussion FBI as wilayahks 8/10/15,Quentin Sombsthay,"September 12, 2023 6:15 PM","August 10, 2015",,,Surespot,Quentin Sombsthay,,,AustraliWitness,
Discussion AusWitness / Butayn 8/12/15,Quentin Sombsthay,"September 13, 2023 3:23 PM","August 12, 2015",,,,Quentin Sombsthay,,,AustraliWitness,
Discussion Australi Witness / AFP Federal Agent 8/12/15,Mona,"September 13, 2023 11:29 AM","August 12, 2015",,,"Surespot, Twitter",Mona,,,AustraliWitness,
Discussion avec Cyndi Lavrencic 8/12/15,Quentin Sombsthay,"September 13, 2023 11:19 AM","August 12, 2015",,,Twitter,Quentin Sombsthay,,,"Cyndi Lavrenci, MoonMetropolis",
"@MahmoudSOA : Brother, please check your DMs. ",Mona,"September 22, 2023 12:37 PM","August 13, 2015",,,Twitter,Mona,,https://archive.ph/9ctqT,"AusSecret, AustraliWitness",
"@moeyAK47 : Brother, please check your DMs. ",Mona,"September 22, 2023 12:35 PM","August 13, 2015 12:00 AM → August 14, 2015 12:00 AM",,,Twitter,"Ismaël ",,https://archive.ph/9ctqT,"AusSecret, AustraliWitness",
Discussion FBI as wilayahks 8/13/15,Quentin Sombsthay,"September 12, 2023 6:16 PM","August 13, 2015",,,Surespot,Mona,,,AustraliWitness,
Discussion avec Cyndi Lavrencic 8/14/15,Quentin Sombsthay,"September 13, 2023 11:20 AM","August 14, 2015",,,Twitter,Quentin Sombsthay,,,"Cyndi Lavrenci, MoonMetropolis",
Discussion FBI as wilayahks 8/14/15,Quentin Sombsthay,"September 12, 2023 6:16 PM","August 14, 2015",,,Surespot,Quentin Sombsthay,,,AustraliWitness,
Discussion Australi Witness / AFP Federal Agent 8/15/15,Mona,"September 13, 2023 11:30 AM","August 15, 2015",,,Twitter,Mona,,,AustraliWitness,
Discussion FBI as wilayahks 8/15/15,Quentin Sombsthay,"September 12, 2023 6:16 PM","August 15, 2015",,,Surespot,Quentin Sombsthay,,,AustraliWitness,
Discussion FBI as wilayahks 8/16/15,Quentin Sombsthay,"September 12, 2023 6:16 PM","August 16, 2015",,,Surespot,Quentin Sombsthay,,,AustraliWitness,
template timeline,Mona,"September 27, 2023 10:48 AM","August 17, 2015 → August 21, 2015",,,,Mona,,,AustraliWitness,
Discussion Australi Witness / AFP Federal Agent 8/17/15,Mona,"September 13, 2023 11:31 AM","August 17, 2015",,,,Mona,,,AustraliWitness,
Discussion FBI as wilayahks 8/17/15,Quentin Sombsthay,"September 12, 2023 6:16 PM","August 17, 2015",,,Surespot,Quentin Sombsthay,,,AustraliWitness,
Discussion Australi Witness / AFP Federal Agent 8/18/15,Mona,"September 13, 2023 11:32 AM","August 18, 2015",,,Twitter,Mona,,,AustraliWitness,
Discussion FBI as wilayahks 8/18/15,Quentin Sombsthay,"September 12, 2023 6:16 PM","August 18, 2015",,,Surespot,Quentin Sombsthay,,,AustraliWitness,
"Last I checked, the word “dysoptian” has never, in its entire history, been applied to people.",Mona,"September 9, 2023 4:05 PM","August 18, 2015",,,Twitter,Quentin Sombsthay,,,MoonMetropolis,tweet
Discussion Australi Witness / AFP Federal Agent 8/19/15,Mona,"September 13, 2023 11:35 AM","August 19, 2015",,,Surespot,Mona,,,AustraliWitness,
Discussion FBI as wilayahks 8/19/15,Quentin Sombsthay,"September 12, 2023 6:16 PM","August 19, 2015",,,Surespot,Quentin Sombsthay,,,AustraliWitness,
Début de la surveillance physique par le FBI,Quentin Sombsthay,"September 14, 2023 4:10 PM","August 20, 2015",,,,Quentin Sombsthay,,,Joshua Goldberg,
Discussion AusWitness / Butayn 8/20/15,Quentin Sombsthay,"September 13, 2023 3:23 PM","August 20, 2015",,,,Quentin Sombsthay,,,AustraliWitness,
Discussion Australi Witness / AFP Federal Agent 8/20/15,Mona,"September 13, 2023 11:36 AM","August 20, 2015",,,Surespot,Mona,,,AustraliWitness,
Discussion FBI as wilayahks 8/20/15,Quentin Sombsthay,"September 12, 2023 6:17 PM","August 20, 2015",,,Surespot,Quentin Sombsthay,,,AustraliWitness,
The Times of Israel: Difference between revisions,Mona,"September 13, 2023 5:56 PM","August 20, 2015 3:10 PM",,,Wikipedia,Mona,,https://en.wikipedia.org/w/index.php?title=The_Times_of_Israel&diff=prev&oldid=677011835,Madotsuki the Dreamer,
Discussion Australi Witness / AFP Federal Agent 8/21/15,Mona,"September 13, 2023 11:38 AM","August 21, 2015",,,Surespot,Mona,,,AustraliWitness,
Discussion Australi Witness / AFP Federal Agent 8/22/15,Mona,"September 13, 2023 11:39 AM","August 22, 2015",,,Surespot,Mona,,,AustraliWitness,
Discussion FBI as wilayahks 8/22/15,Quentin Sombsthay,"September 12, 2023 6:17 PM","August 22, 2015",,,Surespot,Quentin Sombsthay,,,AustraliWitness,
Discussion Australi Witness / AFP Federal Agent 8/23/15,Mona,"September 13, 2023 11:40 AM","August 23, 2015",,,Surespot,Mona,,,AustraliWitness,
Discussion FBI as wilayahks 8/23/15,Quentin Sombsthay,"September 12, 2023 6:17 PM","August 23, 2015",,,Surespot,Quentin Sombsthay,,,AustraliWitness,
Discussion AusWitness / abUqba 8/24/15,Quentin Sombsthay,"September 13, 2023 3:25 PM","August 24, 2015",,,,Quentin Sombsthay,,,AustraliWitness,
Discussion Australi Witness / AFP Federal Agent 8/24/15,Mona,"September 13, 2023 11:41 AM","August 24, 2015",,,Surespot,Mona,,,AustraliWitness,
Discussion FBI as wilayahks 8/24/15,Quentin Sombsthay,"September 12, 2023 6:17 PM","August 24, 2015",,,Surespot,Quentin Sombsthay,,,AustraliWitness,
Aqua Teen Hunger Force - Rabbot (Original 2000 Stealth Pilot Version),Mona,"September 14, 2023 7:07 PM","August 25, 2015",,,Archive.org,Mona,,https://archive.org/details/dailymotion-x330uif,MoonMetropolis,
Ruse du FBI pour sonner à sa porte,Quentin Sombsthay,"September 14, 2023 4:22 PM","August 25, 2015",,,,Quentin Sombsthay,,,Joshua Goldberg,
Discussion AusWitness / abUqba 8/25/15,Quentin Sombsthay,"September 13, 2023 3:26 PM","August 25, 2015",,,,Mona,,,AustraliWitness,
Discussion Australi Witness / AFP Federal Agent 8/25/15,Mona,"September 13, 2023 11:43 AM","August 25, 2015",,,Surespot,Mona,,,AustraliWitness,
Discussion avec Media Direct (Mac Mahon) 8/25/15,Quentin Sombsthay,"September 13, 2023 11:21 AM","August 25, 2015",,,Twitter,Quentin Sombsthay,,,"Mac Mahon, MoonMetropolis",
It's Time to Declare Jihad Against Pod6,Mona,"September 15, 2023 5:52 PM","August 25, 2015 8:06 AM",,,Adult Swim,Mona,,https://web.archive.org/web/20151030144917/http://boards.adultswim.com/t5/Incoherent-Babbling/It-s-Time-to-Declare-Jihad-Against-Pod6/m-p/71491801#M36677548,MoonMetropolis,
I've Uploaded the Original 2000 Version of Rabbot,Mona,"September 14, 2023 5:43 PM","August 25, 2015 10:44 AM → September 1, 2015 7:36 AM",,,Adult Swim,Mona,,https://web.archive.org/web/20151031010427/http://boards.adultswim.com/t5/Aqua-Teen-Hunger-Force-Forever/I-ve-Uploaded-the-Original-2000-Version-of-Rabbot/m-p/71507685#M26963,MoonMetropolis,
Discussion Australi Witness / AFP Federal Agent 8/26/15,Mona,"September 13, 2023 11:44 AM","August 26, 2015",,,Surespot,Mona,,,AustraliWitness,
Discussion FBI as wilayahks 8/26/15,Quentin Sombsthay,"September 12, 2023 6:17 PM","August 26, 2015",,,Surespot,Mona,,,AustraliWitness,
Discussion AusWitness / abUqba 8/27/15,Quentin Sombsthay,"September 13, 2023 3:26 PM","August 27, 2015",,,,Quentin Sombsthay,,,AustraliWitness,
Discussion Australi Witness / AFP Federal Agent 8/27/15,Mona,"September 13, 2023 11:45 AM","August 27, 2015",,,Surespot,Mona,,,AustraliWitness,
Discussion FBI as wilayahks 8/27/15,Quentin Sombsthay,"September 12, 2023 6:18 PM","August 27, 2015",,,Surespot,Quentin Sombsthay,,,AustraliWitness,
Discussion Australi Witness / AFP Federal Agent 8/28/15,Mona,"September 13, 2023 11:46 AM","August 28, 2015",,,Surespot,Mona,,,AustraliWitness,
Discussion FBI as wilayahks 8/28/15,Quentin Sombsthay,"September 12, 2023 6:18 PM","August 28, 2015",,,Surespot,Quentin Sombsthay,,,AustraliWitness,
Discussion Australi Witness / AFP Federal Agent 8/29/15,Mona,"September 13, 2023 11:47 AM","August 29, 2015",,,"Facebook, Surespot",Mona,,,AustraliWitness,
Discussion FBI as wilayahks 8/29/15,Quentin Sombsthay,"September 12, 2023 6:18 PM","August 29, 2015",,,Surespot,Quentin Sombsthay,,,AustraliWitness,
Discussion AusWitness / Butayn 8/30/15,Quentin Sombsthay,"September 13, 2023 3:28 PM","August 30, 2015",,,,Quentin Sombsthay,,,AustraliWitness,
Discussion Australi Witness / AFP Federal Agent 8/30/15,Mona,"September 13, 2023 11:50 AM","August 30, 2015",,,Surespot,Mona,,,AustraliWitness,
Discussion FBI as wilayahks 8/30/15,Quentin Sombsthay,"September 12, 2023 6:18 PM","August 30, 2015",,,Surespot,Quentin Sombsthay,,,AustraliWitness,
Discussion Australi Witness / AFP Federal Agent 8/31/15,Mona,"September 13, 2023 11:51 AM","August 31, 2015",,,"Facebook, Surespot",Mona,,,AustraliWitness,
Discussion FBI as wilayahks 8/31/15,Quentin Sombsthay,"September 12, 2023 6:18 PM","August 31, 2015",,,Surespot,Quentin Sombsthay,,,AustraliWitness,
Discussion Australi Witness / AFP Federal Agent 9/1/15,Mona,"September 13, 2023 11:52 AM","September 1, 2015",,,Surespot,Mona,,,AustraliWitness,
Discussion Australi Witness / AFP Federal Agent 9/2/15,Mona,"September 13, 2023 11:53 AM","September 2, 2015",,,"Facebook, Surespot",Mona,,,AustraliWitness,
Discussion FBI as wilayahks 9/2/15,Quentin Sombsthay,"September 12, 2023 6:18 PM","September 2, 2015",,,Surespot,Quentin Sombsthay,,,AustraliWitness,
Not having friends and avoid all real-world social contact like the plague.,Mona,"September 12, 2023 5:37 PM","September 2, 2015 10:18 AM",,,Adult Swim,Mona,,,MoonMetropolis,"forum, relationships"
Discussion Australi Witness / AFP Federal Agent 9/3/15,Mona,"September 13, 2023 11:55 AM","September 3, 2015",,,"Facebook, Surespot",Quentin Sombsthay,,,AustraliWitness,
Discussion FBI as wilayahks 9/3/15,Quentin Sombsthay,"September 12, 2023 6:19 PM","September 3, 2015",,,Surespot,Quentin Sombsthay,,,AustraliWitness,
Genitals,Mona,"September 15, 2023 5:50 PM","September 3, 2015 1:45 AM",,,Adult Swim,Mona,,https://web.archive.org/web/20151107043601/http://boards.adultswim.com/t5/Incoherent-Babbling/Genitals/m-p/71505666#M36683939,MoonMetropolis,
Discussion Australi Witness / AFP Federal Agent 9/4/15,Mona,"September 13, 2023 11:56 AM","September 4, 2015",,,"Facebook, Surespot",Mona,,,AustraliWitness,
The Phone is Ringing,Mona,"September 15, 2023 5:53 PM","September 4, 2015 3:15 AM",,,Adult Swim,Mona,,https://web.archive.org/web/20150925051355/http://boards.adultswim.com/t5/Incoherent-Babbling/The-Phone-is-Ringing/m-p/71507459#M36684817,MoonMetropolis,
"Don't do drugs, kids.",Mona,"September 15, 2023 6:21 PM","September 4, 2015 7:39 AM",,,Adult Swim,Mona,,https://web.archive.org/web/20151113232709/http://boards.adultswim.com/t5/Incoherent-Babbling/Ellen-Page/m-p/71507156#M36684678,MoonMetropolis,
Join the FB group or I'll UNLEASH THE QUAD LASER on you!,Mona,"September 14, 2023 5:06 PM","September 4, 2015 11:30 AM",,,Adult Swim,Mona,,https://web.archive.org/web/20151016142657/http://boards.adultswim.com/t5/Incoherent-Babbling/Who-wants-to-add-me-on-facebook/m-p/71507303#M36684769,MoonMetropolis,
Sharing a Photo of a Dead Syrian Child...,Mona,"September 14, 2023 4:44 PM","September 4, 2015 12:29 PM",,,Adult Swim,Mona,,https://web.archive.org/web/20150906071949/http://boards.adultswim.com/t5/Babbling/Sharing-a-Photo-of-a-Dead-Syrian-Child/m-p/71507270#U71507270,MoonMetropolis,
"I really hope we'll stop hearing about gay marriage soon. It's a ridiculous, totally meaningless distraction from real issues that actually matter, like the Trans-Pacific Partnership and the militarization of police.",Mona,"September 14, 2023 4:28 PM","September 4, 2015 1:25 PM",,,Adult Swim,Mona,,https://web.archive.org/web/20151003060104/http://boards.adultswim.com/t5/Babbling/Gay-marriage-and-Kentucky/m-p/71507322#M9994122,MoonMetropolis,
My NEW article for https://twitter.com/feministing about the https://twitter.com/hashtag/SamusAran?src=hashtag_click controversy and transphobia in gaming: http://t.co/1d9v25ydEX-,Quentin Sombsthay,"September 14, 2023 4:05 PM","September 4, 2015 3:37 PM",,,Twitter,Quentin Sombsthay,,,Tanya Cohen,
"I know there’s a surrealist horror film called Dogdick, but I assure Dogfart is some kind of porn ?",Mona,"September 9, 2023 4:02 PM","September 4, 2015 11:51 PM",,,Twitter,Mona,,,MoonMetropolis,tweet
Discussion Australi Witness / AFP Federal Agent 9/5/15,Mona,"September 13, 2023 11:57 AM","September 5, 2015",,,"Facebook, Surespot",Mona,,,AustraliWitness,
MODS HATE HIM!,Mona,"September 14, 2023 4:27 PM","September 5, 2015 2:08 AM",,,Adult Swim,Mona,,https://web.archive.org/web/20150924234317/http://boards.adultswim.com/t5/Incoherent-Babbling/MODS-HATE-HIM/m-p/71508182,MoonMetropolis,
"Obama: ""We're speeding up training of ISIL forces”",Mona,"September 14, 2023 4:15 PM","September 5, 2015 3:53 AM",,,Adult Swim,Mona,,https://web.archive.org/web/20150907222755/http://boards.adultswim.com/t5/Babbling/Obama-quot-We-re-speeding-up-training-of-ISIL-forces-quot/m-p/71508365#M9994328,MoonMetropolis,
"The idea of feminists trying to be terrorists is so funny that it would actually make a great premise for a comedy film. Feminists can't even handle people disagreeing with them on Twitter without bursting into tears and getting PTSD, yet they're capable of engaging in ISIS-like activities? LOL.",Mona,"September 14, 2023 4:10 PM","September 5, 2015 3:54 AM",,,Adult Swim,Mona,,https://web.archive.org/web/20151003055612/http://boards.adultswim.com/t5/Babbling/10k-Sign-Label-Feminism-a-Terrorist-Group-Petition/m-p/71508367#M9994330,"MayMayPoster, MoonMetropolis",
Unsimulated sex: Difference between revisions,Mona,"September 13, 2023 5:56 PM","September 5, 2015 10:18 AM",,,Wikipedia,Mona,,https://en.wikipedia.org/w/index.php?title=Unsimulated_sex&diff=prev&oldid=679565943,Madotsuki the Dreamer,cinema
The Angel and the Woman: Difference between revisions,Mona,"September 13, 2023 5:55 PM","September 5, 2015 10:37 AM",,,Wikipedia,Mona,,https://en.wikipedia.org/w/index.php?title=The_Angel_and_the_Woman&diff=prev&oldid=679567594,Madotsuki the Dreamer,cinema
Mutilation Mile: Difference between revisions,Mona,"September 13, 2023 5:54 PM","September 5, 2015 2:34 PM",,,Wikipedia,Mona,,https://en.wikipedia.org/w/index.php?title=Mutilation_Mile&diff=prev&oldid=679591294,Madotsuki the Dreamer,cinema
List of films that most frequently use the word fuck: Difference between revisions,Mona,"September 13, 2023 5:53 PM","September 5, 2015 2:50 PM",,,Wikipedia,Mona,,https://en.wikipedia.org/w/index.php?title=List_of_films_that_most_frequently_use_the_word_fuck&diff=prev&oldid=679593174,Madotsuki the Dreamer,cinema
"9/5/2015 - /r/worldnews - ""good luck germany, isis is on the way.. i hope you are prepared well for this chaos, from now on you must be alert and stay frosty everywhere you go,watch your surroundings.. soon germany will look like syria, people getting beheaded on the streets, etc.""",Mona,"September 14, 2023 12:38 PM","September 5, 2015 3:44 PM",,,Reddit,Mona,,https://www.reddit.com/r/worldnews/comments/3k4yfq/germany_says_can_take_500000_refugees_a_year_in/,Emily-Americana,
Discussion Australi Witness / AFP Federal Agent 9/6/15,Mona,"September 13, 2023 11:58 AM","September 6, 2015",,,Surespot,Mona,,,AustraliWitness,
Talking About Kudos… It's by far the easiest way to get kudos.,Mona,"September 14, 2023 5:51 PM","September 6, 2015 2:16 AM → September 7, 2015 2:28 AM",,,Adult Swim,Mona,,https://web.archive.org/web/20151029152836/http://boards.adultswim.com/t5/Incoherent-Babbling/Talking-About-Kudos/m-p/71511706#M36686834,MoonMetropolis,
"Talk:Lakeside, Montana: Difference between revisions",Mona,"September 13, 2023 5:52 PM","September 6, 2015 6:26 AM",,,Wikipedia,Mona,,"https://en.wikipedia.org/w/index.php?title=Talk:Lakeside,_Montana&diff=prev&oldid=679695711",Madotsuki the Dreamer,
Tumblrina has a quirky Canada story,Mona,"September 14, 2023 12:37 PM","September 6, 2015 8:43 AM",,,Reddit,Mona,,https://www.reddit.com/r/thatHappened/comments/3jtzz3/tumblrina_has_a_quirky_canada_story/,Emily-Americana,
Automatons (film): Difference between revisions,Mona,"September 13, 2023 5:48 PM","September 6, 2015 9:40 AM",,,Wikipedia,Mona,,https://en.wikipedia.org/w/index.php?title=Automatons_(film)&diff=prev&oldid=679715558,Madotsuki the Dreamer,cinema
Fear of Clowns: Difference between revisions,Mona,"September 13, 2023 5:47 PM","September 6, 2015 10:23 AM",,,Wikipedia,Mona,,https://en.wikipedia.org/w/index.php?title=Fear_of_Clowns&diff=prev&oldid=679719806,Madotsuki the Dreamer,cinema
Coulrophobia: Difference between revisions,Mona,"September 13, 2023 5:47 PM","September 6, 2015 10:25 AM",,,Wikipedia,Mona,,https://en.wikipedia.org/w/index.php?title=Coulrophobia&diff=prev&oldid=679719979,Madotsuki the Dreamer,cinema
Fantasia International Film Festival: Difference between revisions,Mona,"September 13, 2023 5:46 PM","September 6, 2015 10:27 AM",,,Wikipedia,Mona,,https://en.wikipedia.org/w/index.php?title=Fantasia_International_Film_Festival&diff=prev&oldid=679720179,Madotsuki the Dreamer,cinema
Let's Make the Teacher Have a Miscarriage Club: Difference between revisions,Mona,"September 13, 2023 5:44 PM","September 6, 2015 10:39 AM",,,Wikipedia,Mona,,https://en.wikipedia.org/w/index.php?title=Let%27s_Make_the_Teacher_Have_a_Miscarriage_Club&diff=prev&oldid=679721246,Madotsuki the Dreamer,cinema
Surprise! Israel Won't Accept Any Syrian Refugees,Mona,"September 14, 2023 4:56 PM","September 6, 2015 10:46 AM",,,Adult Swim,Mona,,https://web.archive.org/web/20151121041808/http://boards.adultswim.com/t5/Babbling/Surprise-Israel-Won-t-Accept-Any-Syrian-Refugees/m-p/71510196#U71510196,MoonMetropolis,
Sloppy the Psychotic: Difference between revisions,Mona,"September 13, 2023 5:43 PM","September 6, 2015 10:52 AM",,,Wikipedia,Mona,,https://en.wikipedia.org/w/index.php?title=Sloppy_the_Psychotic&diff=prev&oldid=679722507,Madotsuki the Dreamer,cinema
House on the Hill : Difference between revisions,Mona,"September 13, 2023 5:32 PM","September 6, 2015 11:06 AM",,,Wikipedia,Mona,,https://en.wikipedia.org/w/index.php?title=House_on_the_Hill_(film)&diff=prev&oldid=679723700,Madotsuki the Dreamer,cinema
Madotsuki blocked for 72 hours by Tokyogirl79,Mona,"September 14, 2023 1:22 PM","September 6, 2015 1:00 PM",,,Wikipedia,Mona,,https://en.wikipedia.org/w/index.php?title=User_talk:Madotsuki_the_Dreamer&diff=prev&oldid=679735661,Madotsuki the Dreamer,
"I'm being blocked for comments that I made months ago? And I was no more ""uncivil"" than several Wikipedia admins - like [[User:Netsnipe|Netsnipe]], for example - regularly are.",Mona,"September 13, 2023 5:28 PM","September 6, 2015 1:42 PM",,,Wikipedia,Mona,,https://en.wikipedia.org/w/index.php?title=User_talk:Madotsuki_the_Dreamer&diff=prev&oldid=679739812,Madotsuki the Dreamer,
Teen Titans go… but where do they go ?,Mona,"September 14, 2023 5:56 PM","September 6, 2015 1:43 PM",,,Adult Swim,Mona,,https://web.archive.org/web/20151107170522/http://boards.adultswim.com/t5/Incoherent-Babbling/Teen-Titans-Go/m-p/71510432#M36686101,MoonMetropolis,
"But I can't edit the page because I'm blocked right now, and he nominated the article for deletion again only after you blocked me - because he wanted to make sure I couldn't edit the Articles for deletion page.",Mona,"September 13, 2023 5:20 PM","September 6, 2015 5:41 PM",,,Wikipedia,Mona,,https://en.wikipedia.org/w/index.php?title=User_talk:Madotsuki_the_Dreamer&diff=prev&oldid=679768168,Madotsuki the Dreamer,
Discussion Australi Witness / AFP Federal Agent 9/7/15,Mona,"September 13, 2023 12:01 PM","September 7, 2015",,,Surespot,Mona,,,AustraliWitness,
"The braindead, trend-of-the-second millennial retards have moved on from the rainbows and are now doing the ""Straight Outta [insert your city here]"" from Straight Outta Compton. Next week, it will be something else - probably changing their profile pictures to dead Syrian kids in order to show everyone how totally compassionate they are or something like that.",Mona,"September 14, 2023 4:51 PM","September 7, 2015 2:17 AM",,,Adult Swim,Mona,,https://web.archive.org/web/20151029032246/http://boards.adultswim.com/t5/Babbling/What-s-with-everybody-on-Facebook-putting/m-p/71511664#U71511664,"MayMayPoster, MoonMetropolis",
Sex,Mona,"September 14, 2023 5:55 PM","September 7, 2015 2:19 AM → 2:23 AM",,,Adult Swim,Mona,,https://web.archive.org/web/20151030165251/http://boards.adultswim.com/t5/Incoherent-Babbling/Sex/m-p/71511673#M36686818,MoonMetropolis,
"Tokyogirl79 : So far three people have come to your page and asked you to provide better/more sourcing on your articles and so far you've basically clapped your hands over your ears and insisted that nothing was wrong with your articles. What bothers me about this the most is that initially you did make some decently sourced articles. They didn't have proper inline citations, but they did have sources. I'm not sure why at some point you decided to do ''less'' work instead of doing the work properly. ",Mona,"September 14, 2023 1:26 PM","September 7, 2015 3:28 AM",,,Wikipedia,Mona,,https://en.wikipedia.org/w/index.php?title=User_talk:Madotsuki_the_Dreamer&diff=prev&oldid=679842688,Madotsuki the Dreamer,
Straight Outta Pod6,Mona,"September 14, 2023 6:04 PM","September 7, 2015 7:38 AM",,,Adult Swim,Mona,,https://web.archive.org/web/20151029134709/http://boards.adultswim.com/t5/Incoherent-Babbling/Straight-Outta-Pod6/m-p/71511826,MoonMetropolis,
Discussion Australi Witness / AFP Federal Agent 9/8/15,Mona,"September 13, 2023 12:03 PM","September 7, 2015 11:05 PM → September 8, 2015 1:54 AM",,,Surespot,Quentin Sombsthay,,,AustraliWitness,
Repost / Amina Blackberry,Mona,"September 13, 2023 12:56 PM","September 8, 2015",,,Twitter,Quentin Sombsthay,,,"Amina Blackberry, MoonMetropolis",
"Thank goodness you posted this. Otherwise, we might not know that you smoke weed.",Mona,"September 14, 2023 5:46 PM","September 8, 2015 1:04 AM",,,Adult Swim,Mona,,https://web.archive.org/web/20151029115922/http://boards.adultswim.com/t5/Incoherent-Babbling/extremely-baked-right-now/m-p/71512939#M36687407,MoonMetropolis,
...If You Know What I Mean,Mona,"September 14, 2023 5:38 PM","September 8, 2015 2:15 AM",,,Adult Swim,Quentin Sombsthay,,https://web.archive.org/web/20150919093647/http://boards.adultswim.com/t5/Incoherent-Babbling/If-You-Know-What-I-Mean/m-p/71512956#M36687420,MoonMetropolis,
This Thread Contains Mature Adult Situations,Mona,"September 14, 2023 6:10 PM","September 8, 2015 7:48 AM",,,Adult Swim,Mona,,https://web.archive.org/web/20151029134656/http://boards.adultswim.com/t5/Incoherent-Babbling/This-Thread-Contains-Mature-Adult-Situations/m-p/71513081,MoonMetropolis,
"I was diagnosed with clinical depression when I was about 11, but I have a very difficult time feeling any real emotions other than very shallow anger.",Mona,"September 12, 2023 5:42 PM","September 8, 2015 11:18 AM",,,Adult Swim,Mona,,https://web.archive.org/web/20151030222103/http://boards.adultswim.com/t5/Babbling/i-am-really-emotional-for-some-reason/td-p/71513113,MoonMetropolis,forum
Discussion FBI as wilayahks 9/8/15,Quentin Sombsthay,"September 12, 2023 6:19 PM","September 8, 2015 12:24 PM",,,Surespot,Quentin Sombsthay,,,AustraliWitness,
"ISIS is by far the purest expression of Islam since Muhammad himself was raping, torturing, slaughtering, and pillaging.",Mona,"September 12, 2023 5:44 PM","September 8, 2015 12:51 PM",,,Adult Swim,Mona,,https://web.archive.org/web/20151029032128/http://boards.adultswim.com/t5/Babbling/Who-would-you-say-are-quot-more-Muslim-quot/m-p/71512883#U71512883,MoonMetropolis,"djihadist, forum"
"So, I got mugged on the way to the library again. This is my second time this year. I'm lucky it was just mugging.
I fucking hate DC.",Quentin Sombsthay,"September 14, 2023 1:23 PM","September 8, 2015 2:12 PM",,,Twitter,Quentin Sombsthay,,https://twitter.com/AminaBlackberry/status/641222450676547584,Amina Blackberry,
"This is a real, serious article that a real feminist really wrote. Seriously. http://t.co/bHP7rs0zNg",Quentin Sombsthay,"September 14, 2023 1:22 PM","September 8, 2015 2:21 PM",,,Twitter,Quentin Sombsthay,,https://twitter.com/AminaBlackberry/status/641224765257072640,Amina Blackberry,
"What are some really nice, culture-filled, & snowy cities with great skiing/snowboarding spots that aren't crime-ridden cesspools like DC?",Quentin Sombsthay,"September 14, 2023 1:20 PM","September 8, 2015 2:24 PM",,,Twitter,Quentin Sombsthay,,https://twitter.com/AminaBlackberry/status/641225541429817344,Amina Blackberry,
"If I drew a picture of the guy who mugged me today, people would accuse me of drawing racist caricatures.",Quentin Sombsthay,"September 14, 2023 1:17 PM","September 8, 2015 2:35 PM",,,Twitter,Quentin Sombsthay,,https://twitter.com/AminaBlackberry/status/641228368449376256,Amina Blackberry,
"I should have just told my mugger that DC is a gun-free zone & he isn't allowed to have a gun here.
I bet that would have stopped him.",Quentin Sombsthay,"September 14, 2023 1:34 PM","September 8, 2015 2:52 PM",,,Twitter,Quentin Sombsthay,,https://twitter.com/AminaBlackberry/status/641232729476984833,Amina Blackberry,
Discussion Australi Witness / AFP Federal Agent 9/9/15,Mona,"September 13, 2023 12:04 PM","September 8, 2015 8:58 PM → 9:01 PM",,,Surespot,Quentin Sombsthay,,,AustraliWitness,
"Germany says can take 500,000 refugees a year in near future",Mona,"September 14, 2023 12:33 PM","September 8, 2015 10:18 PM",,,Reddit,Mona,,https://www.reddit.com/r/PanicHistory/comments/3jqrl1/952015_rworldnews_good_luck_germany_isis_is_on/,Emily-Americana,
Gettin' awfully pod 6-y in here.,Mona,"September 15, 2023 6:14 PM","September 8, 2015 10:27 PM → September 9, 2015 2:34 PM",,,Adult Swim,Mona,,https://web.archive.org/web/20151029151155/http://boards.adultswim.com/t5/Incoherent-Babbling/Gettin-awfully-pod-6-y-in-here/m-p/71514296#M36687980,MoonMetropolis,
Discussion avec Peter Wallace 9/9/15,Quentin Sombsthay,"September 13, 2023 11:21 AM","September 9, 2015 12:00 AM → September 10, 2015 12:00 AM",,,Twitter,Quentin Sombsthay,,,"MoonMetropolis, Peter Wallace",
Madotsuki blocked for 31 hours by Tokyogirl79,Mona,"September 14, 2023 1:30 PM","September 9, 2015 4:09 AM",,,Wikipedia,Mona,,https://en.wikipedia.org/w/index.php?title=User_talk:Madotsuki_the_Dreamer&diff=prev&oldid=680167868,Madotsuki the Dreamer,
"Tokyogirl79 : I've made the block permanent now, since your comments pretty much show that you'd have continued this harassment when the block was up. All you had to do was wait out the block and then start contributing in a more positive manner where you treat other editors with respect and read over guidelines a little better. You showing that you are unwilling to do this and stating that you wanted me (I assume it's me, since the other two editors were male) to undergo physical and sexual violence because I blocked you was probably one of the most unwise things you could have done.",Mona,"September 14, 2023 1:35 PM","September 9, 2015 4:18 AM",,,Wikipedia,Mona,,https://en.wikipedia.org/w/index.php?title=User_talk:Madotsuki_the_Dreamer&diff=prev&oldid=680168795,Madotsuki the Dreamer,
I made a TV Tropes page for King Star King,Mona,"September 13, 2023 4:45 PM","September 9, 2015 5:51 AM",,,Twitter,Mona,,https://tvtropes.org/pmwiki/pmwiki.php/WesternAnimation/KingStarKing,MoonMetropolis,
Discussion FBI as wilayahks 9/9/15,Quentin Sombsthay,"September 12, 2023 6:19 PM","September 9, 2015 6:17 AM → 1:23 PM",,,Surespot,Quentin Sombsthay,,,AustraliWitness,
A Blonde Chick with a Nice Püssy,Mona,"September 15, 2023 6:12 PM","September 9, 2015 12:29 PM",,,Adult Swim,Mona,,https://web.archive.org/web/20151029141621/http://boards.adultswim.com/t5/Incoherent-Babbling/A-Blonde-Chick-with-a-Nice-P%C3%BCssy/m-p/71514166#M36687940,MoonMetropolis,
Discussion Australi Witness / AFP Federal Agent 9/10/15,Mona,"September 13, 2023 12:05 PM","September 9, 2015 1:15 PM → September 10, 2015 7:00 AM",,,Surespot,Quentin Sombsthay,,,AustraliWitness,
anonymous : fuck you cunt,Mona,"September 14, 2023 1:38 PM","September 9, 2015 2:37 PM",,,Wikipedia,Mona,,https://en.wikipedia.org/w/index.php?title=User_talk:Madotsuki_the_Dreamer&diff=prev&oldid=680227447,Madotsuki the Dreamer,
"The comments were obviously directed at ME, since they were left on the top of MY talk page and referred to ME as a ""cunt"". It's not the first time that someone has left that kind of vandalism on my talk page. Look at its history. It's people from 4chan targeting me (…)",Mona,"September 13, 2023 3:50 PM","September 9, 2015 3:54 PM",,,Wikipedia,Mona,,https://en.wikipedia.org/w/index.php?title=User_talk:Madotsuki_the_Dreamer&diff=prev&oldid=680237092,Madotsuki the Dreamer,
"What we really need to be doing is making LGBT rights groups fight with Muslims, who overwhelmingly despise gays. Now THAT would be a hell of a lot more entertaining than this Kim Davis circus, because leftists would have no clue who to side with and neither would the Christian right.",Mona,"September 14, 2023 6:06 PM","September 9, 2015 3:59 PM",,,Adult Swim,Mona,,https://web.archive.org/web/20150918044525/http://boards.adultswim.com/t5/Babbling/quot-The-true-goal-of-the-homosexual-agenda-is-not/m-p/71514404#M9995577,MoonMetropolis,
"I never thought I would say this, but… the Westboro Baptist Church is right.",Mona,"September 13, 2023 12:56 PM","September 9, 2015 6:52 PM",,,Twitter,Quentin Sombsthay,,,MoonMetropolis,
"To be honest, I honestly have no idea why Amy Schumer gets so much praise as some kind of bold feminist comedian. Literally all she EVER talks about is casual sex. That's it. Every
single joke on her snow revolves around having casual sex. Is that really ""empowering to women""?",Mona,"September 14, 2023 5:35 PM","September 9, 2015 7:53 PM",,,Adult Swim,Mona,,https://web.archive.org/web/20150925010331/http://boards.adultswim.com/t5/Babbling/Kurt-Metzger-is-likely-a-serial-killer-in-training/m-p/71514828#M9995685,MoonMetropolis,
"Tokyogirl79 : The thing is, you've made some pretty nasty comments towards other users and you've assumed some pretty bad faith towards other editors. Can you honestly blame me for thinking that it's likely that an IP posting even nastier comments is likely you? (…)",Mona,"September 14, 2023 1:44 PM","September 10, 2015 3:27 AM",,,Wikipedia,Mona,,https://en.wikipedia.org/w/index.php?title=User_talk:Madotsuki_the_Dreamer&diff=prev&oldid=680320370,Madotsuki the Dreamer,
Bernie Sanders' campaign slogan should be,Mona,"September 15, 2023 6:19 PM","September 10, 2015 4:22 AM",,,Adult Swim,Mona,,https://web.archive.org/web/20150919093642/http://boards.adultswim.com/t5/Incoherent-Babbling/Bernie-Sanders-campaign-slogan-should-be/m-p/71515356#M36688484,MoonMetropolis,
"Comment IMDB ",Mona,"September 15, 2023 7:08 PM","September 10, 2015 5:09 AM",,,IMDB,Mona,,https://web.archive.org/web/20150919052026/https://www.imdb.com/user/ur22410338/,Madotsuki the Dreamer,
Discussion FBI as wilayahks 9/10/15,Quentin Sombsthay,"September 12, 2023 6:19 PM","September 10, 2015 5:10 AM → 6:24 AM",,,Surespot,Quentin Sombsthay,,,AustraliWitness,
"Actually, you all kinda remind me of this crap",Mona,"September 15, 2023 6:16 PM","September 10, 2015 5:45 AM",,,Adult Swim,Mona,,https://web.archive.org/web/20150919093634/http://boards.adultswim.com/t5/Babbling/If-Babbling-were-an-anime/m-p/71515394#M9995831,MoonMetropolis,
The Sega Dreamcast turned 16 today.,Mona,"September 14, 2023 5:09 PM","September 10, 2015 5:57 AM → 6:00 AM",,,Adult Swim,Mona,,https://web.archive.org/web/20150919093714/http://boards.adultswim.com/t5/Incoherent-Babbling/The-Sega-Dreamcast-turned-16-today/m-p/71515397#M36688493,MoonMetropolis,
Comment IMDB,Mona,"September 15, 2023 7:09 PM","September 10, 2015 6:15 AM",,,IMDB,Mona,,https://web.archive.org/web/20150919052026/https://www.imdb.com/user/ur22410338/,Madotsuki the Dreamer,
Plage Arrestation,Quentin Sombsthay,"September 14, 2023 3:03 PM","September 10, 2015 7:05 AM → 7:53 AM",,,,Quentin Sombsthay,,,Joshua Goldberg,
Interview of Joshua Ryne Goldberg,Quentin Sombsthay,"September 14, 2023 3:47 PM","September 10, 2015 7:53 AM",,,,Quentin Sombsthay,,,Joshua Goldberg,
This is not Joshua Goldberg and I will not hesitate to press defamation charges against anyone who alleged said I am,Quentin Sombsthay,"September 14, 2023 5:21 PM","October 22, 2015 6:25 AM",,,Twitter,Quentin Sombsthay,,,Tanya Cohen,
Peach plum pear,Quentin Sombsthay,"September 14, 2023 7:57 PM",,,,,Quentin Sombsthay,,https://www.last.fm/user/MoonMetropolis/library,MoonMetropolis,
Soft as chalk,Quentin Sombsthay,"September 14, 2023 7:56 PM",,,,,Quentin Sombsthay,,https://www.last.fm/user/MoonMetropolis/library,MoonMetropolis,
Clover,Quentin Sombsthay,"September 14, 2023 7:55 PM",,,,,Quentin Sombsthay,,https://www.last.fm/user/MoonMetropolis/library,MoonMetropolis,