Name,Created,notes,tags
00019-2018907144,"September 14, 2023 12:34 PM",,
00026-2368205800,"September 14, 2023 12:34 PM",,"Beach, Paradise"
00029-2368205803,"September 14, 2023 12:34 PM",good compo - éviter glitch visuels trop obvious,"Beach, Paradise"
00032-2368205806,"September 14, 2023 12:34 PM",,"Beach, Paradise"
00034-2368205808,"September 14, 2023 12:34 PM",,"Beach, Paradise"
00035-2368205809,"September 14, 2023 12:34 PM",,"Beach, Paradise"
00030-2368205804,"September 14, 2023 12:34 PM",,"Beach, Paradise"
00049-938943255,"September 14, 2023 12:34 PM","bonne compo - palmiers plutôt penchés, pleureurs, fournis - alligators bizarres","Beach, Paradise"
00050-3837920318,"September 14, 2023 12:34 PM",,"Beach, Paradise"
00052-3837920320,"September 14, 2023 12:34 PM",,"Beach, Paradise"
00053-3837920321,"September 14, 2023 12:34 PM",,"Beach, Paradise"
00055-3837920323,"September 14, 2023 12:34 PM",,"Beach, Paradise"
00057-3837920325,"September 14, 2023 12:34 PM",ponton est bien,"Beach, Paradise"
00679-2982233259,"September 14, 2023 12:38 PM",,
00680-2982233259,"September 14, 2023 12:38 PM",,
00681-2982233259,"September 14, 2023 12:38 PM",,
00682-2982233259,"September 14, 2023 12:38 PM",,
00685-2982233259,"September 14, 2023 12:38 PM",,
00677-2982233259,"September 14, 2023 12:38 PM",,
00678-2982233259,"September 14, 2023 12:38 PM",,